step,solver,pc,trial,runtime_ms
0,cg,jacobi,1,10.8493
0,cg,jacobi,2,0.324558
0,cg,jacobi,3,0.310206
0,cg,jacobi,4,0.303548
0,cg,jacobi,5,0.307302
0,cg,sor,1,3.9441
0,cg,sor,2,0.403253
0,cg,sor,3,0.394863
0,cg,sor,4,0.398972
0,cg,sor,5,0.399401
0,cg,ilu,1,5.47221
0,cg,ilu,2,2.27857
0,cg,ilu,3,2.13237
0,cg,ilu,4,1.99249
0,cg,ilu,5,1.96371
0,cg,icc,1,4.6045
0,cg,icc,2,1.84107
0,cg,icc,3,1.86905
0,cg,icc,4,1.87045
0,cg,icc,5,1.82001
0,cg,gamg,1,64.0973
0,cg,gamg,2,43.6275
0,cg,gamg,3,43.7334
0,cg,gamg,4,45.5264
0,cg,gamg,5,45.2426
0,bcgs,jacobi,1,0.675045
0,bcgs,jacobi,2,0.35283
0,bcgs,jacobi,3,0.320995
0,bcgs,jacobi,4,0.314358
0,bcgs,jacobi,5,0.328455
0,bcgs,sor,1,0.441145
0,bcgs,sor,2,0.410416
0,bcgs,sor,3,0.394721
0,bcgs,sor,4,0.43127
0,bcgs,sor,5,0.405149
0,bcgs,ilu,1,4.30339
0,bcgs,ilu,2,2.44578
0,bcgs,ilu,3,2.28436
0,bcgs,ilu,4,2.23009
0,bcgs,ilu,5,2.25582
0,bcgs,icc,1,2.00847
0,bcgs,icc,2,1.97318
0,bcgs,icc,3,2.0076
0,bcgs,icc,4,1.94166
0,bcgs,icc,5,1.96569
0,bcgs,gamg,1,46.0052
0,bcgs,gamg,2,46.249
0,bcgs,gamg,3,46.6132
0,bcgs,gamg,4,47.4166
0,bcgs,gamg,5,46.0897
0,gmres,jacobi,1,0.794742
0,gmres,jacobi,2,0.453225
0,gmres,jacobi,3,0.408789
0,gmres,jacobi,4,0.379411
0,gmres,jacobi,5,0.408289
0,gmres,sor,1,0.530455
0,gmres,sor,2,0.49056
0,gmres,sor,3,0.45603
0,gmres,sor,4,0.455227
0,gmres,sor,5,0.470065
0,gmres,ilu,1,4.03224
0,gmres,ilu,2,2.5541
0,gmres,ilu,3,2.34628
0,gmres,ilu,4,2.33798
0,gmres,ilu,5,2.31318
0,gmres,icc,1,2.12047
0,gmres,icc,2,2.03327
0,gmres,icc,3,2.03545
0,gmres,icc,4,2.00516
0,gmres,icc,5,2.07284
0,gmres,gamg,1,45.9268
0,gmres,gamg,2,46.3051
0,gmres,gamg,3,45.6072
0,gmres,gamg,4,45.701
0,gmres,gamg,5,49.7816
1,cg,jacobi,1,303.739
1,cg,jacobi,2,328.234
1,cg,jacobi,3,327.237
1,cg,jacobi,4,332.618
1,cg,jacobi,5,339.256
1,cg,sor,1,168.715
1,cg,sor,2,164.962
1,cg,sor,3,167.848
1,cg,sor,4,170.128
1,cg,sor,5,172.547
1,cg,ilu,1,219.382
1,cg,ilu,2,194.587
1,cg,ilu,3,199.689
1,cg,ilu,4,195.335
1,cg,ilu,5,230.411
1,cg,icc,1,166.743
1,cg,icc,2,160.901
1,cg,icc,3,159.424
1,cg,icc,4,156.347
1,cg,icc,5,158.739
1,cg,gamg,1,632.456
1,cg,gamg,2,634.821
1,cg,gamg,3,651.783
1,cg,gamg,4,649.251
1,cg,gamg,5,666.507
1,bcgs,jacobi,1,318.592
1,bcgs,jacobi,2,323.099
1,bcgs,jacobi,3,322.977
1,bcgs,jacobi,4,311.65
1,bcgs,jacobi,5,314.973
1,bcgs,sor,1,217.865
1,bcgs,sor,2,218.14
1,bcgs,sor,3,218.295
1,bcgs,sor,4,217.967
1,bcgs,sor,5,226.009
1,bcgs,ilu,1,232.923
1,bcgs,ilu,2,198.336
1,bcgs,ilu,3,202.142
1,bcgs,ilu,4,200.575
1,bcgs,ilu,5,201.439
1,bcgs,icc,1,166.96
1,bcgs,icc,2,167.041
1,bcgs,icc,3,166.366
1,bcgs,icc,4,166.511
1,bcgs,icc,5,163.808
1,bcgs,gamg,1,784.857
1,bcgs,gamg,2,783.909
1,bcgs,gamg,3,786.565
1,bcgs,gamg,4,775.762
1,bcgs,gamg,5,780.047
1,gmres,jacobi,1,683.575
1,gmres,jacobi,2,682.045
1,gmres,jacobi,3,671.58
1,gmres,jacobi,4,675.513
1,gmres,jacobi,5,672.914
1,gmres,sor,1,319.885
1,gmres,sor,2,326.848
1,gmres,sor,3,340.532
1,gmres,sor,4,337.386
1,gmres,sor,5,331.389
1,gmres,ilu,1,382.303
1,gmres,ilu,2,382.256
1,gmres,ilu,3,369.39
1,gmres,ilu,4,387.384
1,gmres,ilu,5,369.74
1,gmres,icc,1,294.658
1,gmres,icc,2,291.673
1,gmres,icc,3,287.002
1,gmres,icc,4,290.617
1,gmres,icc,5,294.909
1,gmres,gamg,1,776.739
1,gmres,gamg,2,776.004
1,gmres,gamg,3,772.395
1,gmres,gamg,4,781.081
1,gmres,gamg,5,788.478
2,cg,jacobi,1,313.74
2,cg,jacobi,2,325.447
2,cg,jacobi,3,323.856
2,cg,jacobi,4,332.174
2,cg,jacobi,5,344.177
2,cg,sor,1,163.175
2,cg,sor,2,162.864
2,cg,sor,3,163.35
2,cg,sor,4,165.397
2,cg,sor,5,167.066
2,cg,ilu,1,214.381
2,cg,ilu,2,215.595
2,cg,ilu,3,223.762
2,cg,ilu,4,203.177
2,cg,ilu,5,202.994
2,cg,icc,1,159.344
2,cg,icc,2,159.322
2,cg,icc,3,162.96
2,cg,icc,4,159.907
2,cg,icc,5,158.766
2,cg,gamg,1,655.92
2,cg,gamg,2,663.236
2,cg,gamg,3,656.232
2,cg,gamg,4,658.145
2,cg,gamg,5,660.47
2,bcgs,jacobi,1,334.381
2,bcgs,jacobi,2,321.509
2,bcgs,jacobi,3,321.244
2,bcgs,jacobi,4,318.43
2,bcgs,jacobi,5,318.253
2,bcgs,sor,1,217.458
2,bcgs,sor,2,217.036
2,bcgs,sor,3,216.608
2,bcgs,sor,4,209.395
2,bcgs,sor,5,214.15
2,bcgs,ilu,1,220.547
2,bcgs,ilu,2,199.888
2,bcgs,ilu,3,199.896
2,bcgs,ilu,4,188.49
2,bcgs,ilu,5,203.995
2,bcgs,icc,1,168.643
2,bcgs,icc,2,166.459
2,bcgs,icc,3,167.738
2,bcgs,icc,4,164.825
2,bcgs,icc,5,166.53
2,bcgs,gamg,1,792.814
2,bcgs,gamg,2,785.229
2,bcgs,gamg,3,798.015
2,bcgs,gamg,4,785.315
2,bcgs,gamg,5,768.937
2,gmres,jacobi,1,667.596
2,gmres,jacobi,2,670.33
2,gmres,jacobi,3,674.346
2,gmres,jacobi,4,668.225
2,gmres,jacobi,5,653.153
2,gmres,sor,1,321.502
2,gmres,sor,2,318.614
2,gmres,sor,3,318.648
2,gmres,sor,4,318.425
2,gmres,sor,5,328.05
2,gmres,ilu,1,370.203
2,gmres,ilu,2,340.734
2,gmres,ilu,3,353.501
2,gmres,ilu,4,358.411
2,gmres,ilu,5,363.697
2,gmres,icc,1,290.732
2,gmres,icc,2,286.986
2,gmres,icc,3,289.975
2,gmres,icc,4,287.163
2,gmres,icc,5,287.455
2,gmres,gamg,1,760.004
2,gmres,gamg,2,753.691
2,gmres,gamg,3,749.604
2,gmres,gamg,4,749.642
2,gmres,gamg,5,771.151
3,cg,jacobi,1,295.927
3,cg,jacobi,2,302.709
3,cg,jacobi,3,310.266
3,cg,jacobi,4,312.206
3,cg,jacobi,5,309.287
3,cg,sor,1,156.175
3,cg,sor,2,155.874
3,cg,sor,3,158.763
3,cg,sor,4,156.192
3,cg,sor,5,156.084
3,cg,ilu,1,175.362
3,cg,ilu,2,166.193
3,cg,ilu,3,171.898
3,cg,ilu,4,186.353
3,cg,ilu,5,173.413
3,cg,icc,1,151.255
3,cg,icc,2,151.234
3,cg,icc,3,151.205
3,cg,icc,4,151.431
3,cg,icc,5,151.532
3,cg,gamg,1,634.192
3,cg,gamg,2,633.723
3,cg,gamg,3,663.582
3,cg,gamg,4,649.704
3,cg,gamg,5,647.296
3,bcgs,jacobi,1,285.129
3,bcgs,jacobi,2,283.962
3,bcgs,jacobi,3,283.696
3,bcgs,jacobi,4,286.947
3,bcgs,jacobi,5,282.15
3,bcgs,sor,1,213.568
3,bcgs,sor,2,220.823
3,bcgs,sor,3,228.62
3,bcgs,sor,4,225.008
3,bcgs,sor,5,225.422
3,bcgs,ilu,1,250.681
3,bcgs,ilu,2,254.646
3,bcgs,ilu,3,243.117
3,bcgs,ilu,4,239.983
3,bcgs,ilu,5,231.061
3,bcgs,icc,1,190.725
3,bcgs,icc,2,190.442
3,bcgs,icc,3,190.881
3,bcgs,icc,4,191.519
3,bcgs,icc,5,187.156
3,bcgs,gamg,1,764.627
3,bcgs,gamg,2,755.896
3,bcgs,gamg,3,760.184
3,bcgs,gamg,4,756.725
3,bcgs,gamg,5,754.833
3,gmres,jacobi,1,678.099
3,gmres,jacobi,2,680.072
3,gmres,jacobi,3,672.629
3,gmres,jacobi,4,670.077
3,gmres,jacobi,5,680.889
3,gmres,sor,1,331.717
3,gmres,sor,2,328.382
3,gmres,sor,3,338.127
3,gmres,sor,4,335.89
3,gmres,sor,5,328.652
3,gmres,ilu,1,382.905
3,gmres,ilu,2,375.593
3,gmres,ilu,3,370.34
3,gmres,ilu,4,384.731
3,gmres,ilu,5,384.197
3,gmres,icc,1,297.739
3,gmres,icc,2,289.723
3,gmres,icc,3,296.101
3,gmres,icc,4,299.473
3,gmres,icc,5,295.565
3,gmres,gamg,1,783.321
3,gmres,gamg,2,795.915
3,gmres,gamg,3,775.105
3,gmres,gamg,4,773.603
3,gmres,gamg,5,779.037
4,cg,jacobi,1,300.794
4,cg,jacobi,2,318.617
4,cg,jacobi,3,335.331
4,cg,jacobi,4,333.264
4,cg,jacobi,5,342.14
4,cg,sor,1,170.609
4,cg,sor,2,167.574
4,cg,sor,3,169.493
4,cg,sor,4,166.903
4,cg,sor,5,169.782
4,cg,ilu,1,230.061
4,cg,ilu,2,210.129
4,cg,ilu,3,205.314
4,cg,ilu,4,201.319
4,cg,ilu,5,214.396
4,cg,icc,1,161.94
4,cg,icc,2,168.157
4,cg,icc,3,167.874
4,cg,icc,4,161.896
4,cg,icc,5,158.862
4,cg,gamg,1,654.674
4,cg,gamg,2,645.93
4,cg,gamg,3,647.398
4,cg,gamg,4,650.43
4,cg,gamg,5,658.885
4,bcgs,jacobi,1,320.162
4,bcgs,jacobi,2,320.054
4,bcgs,jacobi,3,322.825
4,bcgs,jacobi,4,320.259
4,bcgs,jacobi,5,319.043
4,bcgs,sor,1,219.783
4,bcgs,sor,2,219.748
4,bcgs,sor,3,217.063
4,bcgs,sor,4,216.1
4,bcgs,sor,5,217.533
4,bcgs,ilu,1,232.319
4,bcgs,ilu,2,221.098
4,bcgs,ilu,3,195.086
4,bcgs,ilu,4,209.471
4,bcgs,ilu,5,212.223
4,bcgs,icc,1,167.054
4,bcgs,icc,2,167.519
4,bcgs,icc,3,167.756
4,bcgs,icc,4,165.065
4,bcgs,icc,5,165.874
4,bcgs,gamg,1,781.273
4,bcgs,gamg,2,785.036
4,bcgs,gamg,3,790.691
4,bcgs,gamg,4,790.172
4,bcgs,gamg,5,787.425
4,gmres,jacobi,1,680.005
4,gmres,jacobi,2,682.86
4,gmres,jacobi,3,672.395
4,gmres,jacobi,4,675.83
4,gmres,jacobi,5,659.804
4,gmres,sor,1,331.259
4,gmres,sor,2,330.779
4,gmres,sor,3,333.866
4,gmres,sor,4,337.57
4,gmres,sor,5,332.128
4,gmres,ilu,1,380.189
4,gmres,ilu,2,386.682
4,gmres,ilu,3,378.783
4,gmres,ilu,4,381.929
4,gmres,ilu,5,379.616
4,gmres,icc,1,296.853
4,gmres,icc,2,312.094
4,gmres,icc,3,298.119
4,gmres,icc,4,297.427
4,gmres,icc,5,297.636
4,gmres,gamg,1,775.741
4,gmres,gamg,2,776.275
4,gmres,gamg,3,770.995
4,gmres,gamg,4,786.561
4,gmres,gamg,5,780.881
5,cg,jacobi,1,330.951
5,cg,jacobi,2,337.519
5,cg,jacobi,3,337.782
5,cg,jacobi,4,342.124
5,cg,jacobi,5,360.574
5,cg,sor,1,169.881
5,cg,sor,2,169.446
5,cg,sor,3,178.312
5,cg,sor,4,175.81
5,cg,sor,5,175.788
5,cg,ilu,1,220.996
5,cg,ilu,2,212.369
5,cg,ilu,3,229.566
5,cg,ilu,4,209.308
5,cg,ilu,5,207.824
5,cg,icc,1,160.848
5,cg,icc,2,158.993
5,cg,icc,3,163.699
5,cg,icc,4,162.27
5,cg,icc,5,161.352
5,cg,gamg,1,658.962
5,cg,gamg,2,664.85
5,cg,gamg,3,656.223
5,cg,gamg,4,657.622
5,cg,gamg,5,659.69
5,bcgs,jacobi,1,318.051
5,bcgs,jacobi,2,316.74
5,bcgs,jacobi,3,306.893
5,bcgs,jacobi,4,308.67
5,bcgs,jacobi,5,306.498
5,bcgs,sor,1,205.471
5,bcgs,sor,2,207.252
5,bcgs,sor,3,208.315
5,bcgs,sor,4,206.608
5,bcgs,sor,5,200.294
5,bcgs,ilu,1,242.602
5,bcgs,ilu,2,225.293
5,bcgs,ilu,3,223.421
5,bcgs,ilu,4,218.726
5,bcgs,ilu,5,233.074
5,bcgs,icc,1,163.841
5,bcgs,icc,2,163.926
5,bcgs,icc,3,165.972
5,bcgs,icc,4,167.762
5,bcgs,icc,5,163.452
5,bcgs,gamg,1,643.075
5,bcgs,gamg,2,637.756
5,bcgs,gamg,3,639.326
5,bcgs,gamg,4,638.889
5,bcgs,gamg,5,634.204
5,gmres,jacobi,1,671.726
5,gmres,jacobi,2,675.015
5,gmres,jacobi,3,675.47
5,gmres,jacobi,4,675.131
5,gmres,jacobi,5,674.139
5,gmres,sor,1,335.123
5,gmres,sor,2,334.557
5,gmres,sor,3,332.316
5,gmres,sor,4,338.812
5,gmres,sor,5,331.755
5,gmres,ilu,1,372.625
5,gmres,ilu,2,380.768
5,gmres,ilu,3,376.031
5,gmres,ilu,4,358.33
5,gmres,ilu,5,385.191
5,gmres,icc,1,295.951
5,gmres,icc,2,295.291
5,gmres,icc,3,300.905
5,gmres,icc,4,298.388
5,gmres,icc,5,298.783
5,gmres,gamg,1,781.298
5,gmres,gamg,2,778.591
5,gmres,gamg,3,777.931
5,gmres,gamg,4,763.28
5,gmres,gamg,5,779.609
6,cg,jacobi,1,311.206
6,cg,jacobi,2,318.452
6,cg,jacobi,3,322.315
6,cg,jacobi,4,331.523
6,cg,jacobi,5,339.413
6,cg,sor,1,163.516
6,cg,sor,2,164.638
6,cg,sor,3,168.495
6,cg,sor,4,171.295
6,cg,sor,5,167.384
6,cg,ilu,1,210.955
6,cg,ilu,2,209.28
6,cg,ilu,3,221.984
6,cg,ilu,4,217.99
6,cg,ilu,5,210.168
6,cg,icc,1,163.998
6,cg,icc,2,161.584
6,cg,icc,3,157.383
6,cg,icc,4,161.896
6,cg,icc,5,162.029
6,cg,gamg,1,652.136
6,cg,gamg,2,632.773
6,cg,gamg,3,633.348
6,cg,gamg,4,636.036
6,cg,gamg,5,653.491
6,bcgs,jacobi,1,290.849
6,bcgs,jacobi,2,291.217
6,bcgs,jacobi,3,290.574
6,bcgs,jacobi,4,291.309
6,bcgs,jacobi,5,290.926
6,bcgs,sor,1,217.209
6,bcgs,sor,2,218.018
6,bcgs,sor,3,217.594
6,bcgs,sor,4,218.336
6,bcgs,sor,5,217.592
6,bcgs,ilu,1,210.274
6,bcgs,ilu,2,201.103
6,bcgs,ilu,3,198.965
6,bcgs,ilu,4,224.833
6,bcgs,ilu,5,237.919
6,bcgs,icc,1,193.203
6,bcgs,icc,2,194.584
6,bcgs,icc,3,194.426
6,bcgs,icc,4,191.734
6,bcgs,icc,5,192.415
6,bcgs,gamg,1,781.779
6,bcgs,gamg,2,782.618
6,bcgs,gamg,3,779.129
6,bcgs,gamg,4,780.813
6,bcgs,gamg,5,782.403
6,gmres,jacobi,1,690.13
6,gmres,jacobi,2,684.876
6,gmres,jacobi,3,682.406
6,gmres,jacobi,4,688.667
6,gmres,jacobi,5,685.069
6,gmres,sor,1,340.865
6,gmres,sor,2,335.617
6,gmres,sor,3,343.588
6,gmres,sor,4,341.325
6,gmres,sor,5,336.474
6,gmres,ilu,1,392.468
6,gmres,ilu,2,384.87
6,gmres,ilu,3,389.364
6,gmres,ilu,4,395.653
6,gmres,ilu,5,376.615
6,gmres,icc,1,298.227
6,gmres,icc,2,299.929
6,gmres,icc,3,305.072
6,gmres,icc,4,303.27
6,gmres,icc,5,299.932
6,gmres,gamg,1,805.741
6,gmres,gamg,2,801.768
6,gmres,gamg,3,803.58
6,gmres,gamg,4,800.534
6,gmres,gamg,5,798.824
7,cg,jacobi,1,313.375
7,cg,jacobi,2,327.362
7,cg,jacobi,3,332.778
7,cg,jacobi,4,334.801
7,cg,jacobi,5,339.019
7,cg,sor,1,168.169
7,cg,sor,2,167.847
7,cg,sor,3,167.057
7,cg,sor,4,168.225
7,cg,sor,5,170.784
7,cg,ilu,1,213.868
7,cg,ilu,2,212.254
7,cg,ilu,3,210.718
7,cg,ilu,4,246.943
7,cg,ilu,5,222.108
7,cg,icc,1,165.1
7,cg,icc,2,166.338
7,cg,icc,3,166.304
7,cg,icc,4,167.42
7,cg,icc,5,169.488
7,cg,gamg,1,677.031
7,cg,gamg,2,684.404
7,cg,gamg,3,677.796
7,cg,gamg,4,676.747
7,cg,gamg,5,681.34
7,bcgs,jacobi,1,277.421
7,bcgs,jacobi,2,290.075
7,bcgs,jacobi,3,287.45
7,bcgs,jacobi,4,285.552
7,bcgs,jacobi,5,284.218
7,bcgs,sor,1,207.629
7,bcgs,sor,2,204.031
7,bcgs,sor,3,207.803
7,bcgs,sor,4,206.772
7,bcgs,sor,5,202.489
7,bcgs,ilu,1,266.444
7,bcgs,ilu,2,253.641
7,bcgs,ilu,3,244.075
7,bcgs,ilu,4,234.498
7,bcgs,ilu,5,253.294
7,bcgs,icc,1,182.011
7,bcgs,icc,2,180.897
7,bcgs,icc,3,184.342
7,bcgs,icc,4,178.412
7,bcgs,icc,5,180.091
7,bcgs,gamg,1,812.82
7,bcgs,gamg,2,819.387
7,bcgs,gamg,3,821.634
7,bcgs,gamg,4,811.303
7,bcgs,gamg,5,821.738
7,gmres,jacobi,1,694.585
7,gmres,jacobi,2,688.683
7,gmres,jacobi,3,683.468
7,gmres,jacobi,4,677.097
7,gmres,jacobi,5,678.028
7,gmres,sor,1,335.376
7,gmres,sor,2,345.596
7,gmres,sor,3,340.099
7,gmres,sor,4,341.568
7,gmres,sor,5,344.451
7,gmres,ilu,1,393.325
7,gmres,ilu,2,393.271
7,gmres,ilu,3,400.218
7,gmres,ilu,4,384.84
7,gmres,ilu,5,395.294
7,gmres,icc,1,307.653
7,gmres,icc,2,299.358
7,gmres,icc,3,307.064
7,gmres,icc,4,300.986
7,gmres,icc,5,297.981
7,gmres,gamg,1,800.737
7,gmres,gamg,2,808.332
7,gmres,gamg,3,801.807
7,gmres,gamg,4,810.682
7,gmres,gamg,5,803.838
8,cg,jacobi,1,344.564
8,cg,jacobi,2,340.441
8,cg,jacobi,3,338.186
8,cg,jacobi,4,353.218
8,cg,jacobi,5,356.905
8,cg,sor,1,174.158
8,cg,sor,2,175.421
8,cg,sor,3,176.044
8,cg,sor,4,176.742
8,cg,sor,5,175.903
8,cg,ilu,1,213.523
8,cg,ilu,2,251.3
8,cg,ilu,3,227.156
8,cg,ilu,4,230.299
8,cg,ilu,5,215.576
8,cg,icc,1,165.95
8,cg,icc,2,166.01
8,cg,icc,3,167.033
8,cg,icc,4,165.804
8,cg,icc,5,168.907
8,cg,gamg,1,682.057
8,cg,gamg,2,682.774
8,cg,gamg,3,676.624
8,cg,gamg,4,681.822
8,cg,gamg,5,678.696
8,bcgs,jacobi,1,337.369
8,bcgs,jacobi,2,339.445
8,bcgs,jacobi,3,336.671
8,bcgs,jacobi,4,336.733
8,bcgs,jacobi,5,337.683
8,bcgs,sor,1,216.26
8,bcgs,sor,2,219.546
8,bcgs,sor,3,213.528
8,bcgs,sor,4,217.936
8,bcgs,sor,5,218.97
8,bcgs,ilu,1,220.628
8,bcgs,ilu,2,206.865
8,bcgs,ilu,3,182.356
8,bcgs,ilu,4,208.701
8,bcgs,ilu,5,228.78
8,bcgs,icc,1,172.894
8,bcgs,icc,2,173.648
8,bcgs,icc,3,174.267
8,bcgs,icc,4,171.081
8,bcgs,icc,5,172.705
8,bcgs,gamg,1,822.441
8,bcgs,gamg,2,821.733
8,bcgs,gamg,3,815.657
8,bcgs,gamg,4,817.376
8,bcgs,gamg,5,817.228
8,gmres,jacobi,1,699.095
8,gmres,jacobi,2,689.749
8,gmres,jacobi,3,693.244
8,gmres,jacobi,4,693.17
8,gmres,jacobi,5,685.769
8,gmres,sor,1,341.483
8,gmres,sor,2,341.036
8,gmres,sor,3,343.963
8,gmres,sor,4,345.866
8,gmres,sor,5,341.217
8,gmres,ilu,1,393.847
8,gmres,ilu,2,387.672
8,gmres,ilu,3,404.916
8,gmres,ilu,4,395.994
8,gmres,ilu,5,388.091
8,gmres,icc,1,304.939
8,gmres,icc,2,306.738
8,gmres,icc,3,303.383
8,gmres,icc,4,294.015
8,gmres,icc,5,300.404
8,gmres,gamg,1,801.361
8,gmres,gamg,2,803.628
8,gmres,gamg,3,807.909
8,gmres,gamg,4,805.05
8,gmres,gamg,5,806.001
9,cg,jacobi,1,332.965
9,cg,jacobi,2,337.043
9,cg,jacobi,3,338.58
9,cg,jacobi,4,349.381
9,cg,jacobi,5,345.228
9,cg,sor,1,169.229
9,cg,sor,2,170.605
9,cg,sor,3,173.511
9,cg,sor,4,173.55
9,cg,sor,5,174.296
9,cg,ilu,1,220.061
9,cg,ilu,2,197.702
9,cg,ilu,3,227.275
9,cg,ilu,4,222.108
9,cg,ilu,5,217.298
9,cg,icc,1,163.384
9,cg,icc,2,162.765
9,cg,icc,3,165.811
9,cg,icc,4,167.468
9,cg,icc,5,168.557
9,cg,gamg,1,677.197
9,cg,gamg,2,689.689
9,cg,gamg,3,683.25
9,cg,gamg,4,680.863
9,cg,gamg,5,675.876
9,bcgs,jacobi,1,301.271
9,bcgs,jacobi,2,303.36
9,bcgs,jacobi,3,304.579
9,bcgs,jacobi,4,301.754
9,bcgs,jacobi,5,300.961
9,bcgs,sor,1,219.286
9,bcgs,sor,2,221.448
9,bcgs,sor,3,215.564
9,bcgs,sor,4,225.662
9,bcgs,sor,5,221.684
9,bcgs,ilu,1,236.948
9,bcgs,ilu,2,204.909
9,bcgs,ilu,3,224.923
9,bcgs,ilu,4,223.288
9,bcgs,ilu,5,235.752
9,bcgs,icc,1,170.324
9,bcgs,icc,2,170.947
9,bcgs,icc,3,166.665
9,bcgs,icc,4,164.942
9,bcgs,icc,5,169.939
9,bcgs,gamg,1,718.994
9,bcgs,gamg,2,724.81
9,bcgs,gamg,3,714.091
9,bcgs,gamg,4,726.225
9,bcgs,gamg,5,717.83
9,gmres,jacobi,1,688.254
9,gmres,jacobi,2,691.609
9,gmres,jacobi,3,685.743
9,gmres,jacobi,4,691.285
9,gmres,jacobi,5,686.267
9,gmres,sor,1,340.349
9,gmres,sor,2,339.113
9,gmres,sor,3,338.96
9,gmres,sor,4,336.303
9,gmres,sor,5,344.254
9,gmres,ilu,1,391.132
9,gmres,ilu,2,395.906
9,gmres,ilu,3,402.568
9,gmres,ilu,4,389.931
9,gmres,ilu,5,391.458
9,gmres,icc,1,304.63
9,gmres,icc,2,308.146
9,gmres,icc,3,307.297
9,gmres,icc,4,304.743
9,gmres,icc,5,299.004
9,gmres,gamg,1,816.731
9,gmres,gamg,2,793.195
9,gmres,gamg,3,803.962
9,gmres,gamg,4,802.777
9,gmres,gamg,5,813.85
10,cg,jacobi,1,345.864
10,cg,jacobi,2,345.399
10,cg,jacobi,3,357.573
10,cg,jacobi,4,356.911
10,cg,jacobi,5,368.501
10,cg,sor,1,180.794
10,cg,sor,2,176.35
10,cg,sor,3,172.604
10,cg,sor,4,168.015
10,cg,sor,5,174.331
10,cg,ilu,1,212.253
10,cg,ilu,2,234.143
10,cg,ilu,3,225.755
10,cg,ilu,4,228.161
10,cg,ilu,5,216.603
10,cg,icc,1,166.474
10,cg,icc,2,166.341
10,cg,icc,3,166.11
10,cg,icc,4,166.07
10,cg,icc,5,165.631
10,cg,gamg,1,683.761
10,cg,gamg,2,677.212
10,cg,gamg,3,688.302
10,cg,gamg,4,680.03
10,cg,gamg,5,685.456
10,bcgs,jacobi,1,321.377
10,bcgs,jacobi,2,322.344
10,bcgs,jacobi,3,317.833
10,bcgs,jacobi,4,326.982
10,bcgs,jacobi,5,321.247
10,bcgs,sor,1,211.81
10,bcgs,sor,2,211.883
10,bcgs,sor,3,213.78
10,bcgs,sor,4,213.801
10,bcgs,sor,5,213.297
10,bcgs,ilu,1,248.274
10,bcgs,ilu,2,238.945
10,bcgs,ilu,3,230.481
10,bcgs,ilu,4,232.187
10,bcgs,ilu,5,226.265
10,bcgs,icc,1,172.42
10,bcgs,icc,2,171.182
10,bcgs,icc,3,168.64
10,bcgs,icc,4,169.602
10,bcgs,icc,5,170.356
10,bcgs,gamg,1,643.619
10,bcgs,gamg,2,668.825
10,bcgs,gamg,3,653.701
10,bcgs,gamg,4,669.456
10,bcgs,gamg,5,659.746
10,gmres,jacobi,1,692.069
10,gmres,jacobi,2,687.111
10,gmres,jacobi,3,685.583
10,gmres,jacobi,4,690.079
10,gmres,jacobi,5,687.43
10,gmres,sor,1,341.345
10,gmres,sor,2,342.574
10,gmres,sor,3,339.157
10,gmres,sor,4,341.122
10,gmres,sor,5,343.905
10,gmres,ilu,1,392.766
10,gmres,ilu,2,398.434
10,gmres,ilu,3,409.723
10,gmres,ilu,4,395.123
10,gmres,ilu,5,408.07
10,gmres,icc,1,322.559
10,gmres,icc,2,319.554
10,gmres,icc,3,319.737
10,gmres,icc,4,319.349
10,gmres,icc,5,323.082
10,gmres,gamg,1,823.71
10,gmres,gamg,2,837.735
10,gmres,gamg,3,813.593
10,gmres,gamg,4,827.029
10,gmres,gamg,5,832.662
11,cg,jacobi,1,328.861
11,cg,jacobi,2,338.913
11,cg,jacobi,3,340.599
11,cg,jacobi,4,348.481
11,cg,jacobi,5,346.25
11,cg,sor,1,171.755
11,cg,sor,2,169.007
11,cg,sor,3,172.129
11,cg,sor,4,173.762
11,cg,sor,5,176.892
11,cg,ilu,1,224.517
11,cg,ilu,2,216.102
11,cg,ilu,3,210.209
11,cg,ilu,4,233.689
11,cg,ilu,5,224.433
11,cg,icc,1,167.1
11,cg,icc,2,169.913
11,cg,icc,3,164.546
11,cg,icc,4,166.035
11,cg,icc,5,166.799
11,cg,gamg,1,690.199
11,cg,gamg,2,699.611
11,cg,gamg,3,676.787
11,cg,gamg,4,689.007
11,cg,gamg,5,693.977
11,bcgs,jacobi,1,278.59
11,bcgs,jacobi,2,279.075
11,bcgs,jacobi,3,281.677
11,bcgs,jacobi,4,282.606
11,bcgs,jacobi,5,279.492
11,bcgs,sor,1,241.881
11,bcgs,sor,2,240.075
11,bcgs,sor,3,240.474
11,bcgs,sor,4,235.13
11,bcgs,sor,5,238.965
11,bcgs,ilu,1,270.662
11,bcgs,ilu,2,257.024
11,bcgs,ilu,3,247.634
11,bcgs,ilu,4,240.924
11,bcgs,ilu,5,253.887
11,bcgs,icc,1,169.784
11,bcgs,icc,2,172.771
11,bcgs,icc,3,170.363
11,bcgs,icc,4,170.553
11,bcgs,icc,5,170.255
11,bcgs,gamg,1,721.726
11,bcgs,gamg,2,731.586
11,bcgs,gamg,3,727.444
11,bcgs,gamg,4,736.05
11,bcgs,gamg,5,723.666
11,gmres,jacobi,1,695.252
11,gmres,jacobi,2,684.948
11,gmres,jacobi,3,696.271
11,gmres,jacobi,4,687.008
11,gmres,jacobi,5,691.792
11,gmres,sor,1,347.343
11,gmres,sor,2,344.893
11,gmres,sor,3,339.862
11,gmres,sor,4,354.05
11,gmres,sor,5,344.445
11,gmres,ilu,1,389.535
11,gmres,ilu,2,397.299
11,gmres,ilu,3,390.136
11,gmres,ilu,4,392.49
11,gmres,ilu,5,398.021
11,gmres,icc,1,307.189
11,gmres,icc,2,305.703
11,gmres,icc,3,310.209
11,gmres,icc,4,305.131
11,gmres,icc,5,300.479
11,gmres,gamg,1,825.013
11,gmres,gamg,2,809.02
11,gmres,gamg,3,820.973
11,gmres,gamg,4,799.108
11,gmres,gamg,5,805.869
12,cg,jacobi,1,348.073
12,cg,jacobi,2,350.773
12,cg,jacobi,3,365.426
12,cg,jacobi,4,360.764
12,cg,jacobi,5,358.23
12,cg,sor,1,179.142
12,cg,sor,2,179.985
12,cg,sor,3,181.734
12,cg,sor,4,176.938
12,cg,sor,5,175.333
12,cg,ilu,1,230.917
12,cg,ilu,2,232.868
12,cg,ilu,3,226.659
12,cg,ilu,4,236.459
12,cg,ilu,5,222.233
12,cg,icc,1,165.215
12,cg,icc,2,164.472
12,cg,icc,3,163.945
12,cg,icc,4,166.106
12,cg,icc,5,169.124
12,cg,gamg,1,686.279
12,cg,gamg,2,692.713
12,cg,gamg,3,688.162
12,cg,gamg,4,691.985
12,cg,gamg,5,691.037
12,bcgs,jacobi,1,305.194
12,bcgs,jacobi,2,306.27
12,bcgs,jacobi,3,309.338
12,bcgs,jacobi,4,303.162
12,bcgs,jacobi,5,302.589
12,bcgs,sor,1,233.701
12,bcgs,sor,2,233.512
12,bcgs,sor,3,230.149
12,bcgs,sor,4,234.229
12,bcgs,sor,5,233.192
12,bcgs,ilu,1,262.885
12,bcgs,ilu,2,241.628
12,bcgs,ilu,3,255.593
12,bcgs,ilu,4,263.26
12,bcgs,ilu,5,263.913
12,bcgs,icc,1,194.068
12,bcgs,icc,2,194.081
12,bcgs,icc,3,199.022
12,bcgs,icc,4,196.144
12,bcgs,icc,5,196.811
12,bcgs,gamg,1,787.904
12,bcgs,gamg,2,796.505
12,bcgs,gamg,3,792.212
12,bcgs,gamg,4,797.716
12,bcgs,gamg,5,793.478
12,gmres,jacobi,1,698.104
12,gmres,jacobi,2,692.118
12,gmres,jacobi,3,696.855
12,gmres,jacobi,4,695.289
12,gmres,jacobi,5,694.063
12,gmres,sor,1,349.137
12,gmres,sor,2,344.55
12,gmres,sor,3,350.874
12,gmres,sor,4,344.926
12,gmres,sor,5,343.81
12,gmres,ilu,1,406.892
12,gmres,ilu,2,400.817
12,gmres,ilu,3,396.433
12,gmres,ilu,4,403.941
12,gmres,ilu,5,399.28
12,gmres,icc,1,311.265
12,gmres,icc,2,308.756
12,gmres,icc,3,302.914
12,gmres,icc,4,309.679
12,gmres,icc,5,311.735
12,gmres,gamg,1,819.355
12,gmres,gamg,2,821.761
12,gmres,gamg,3,828.587
12,gmres,gamg,4,810.194
12,gmres,gamg,5,820.591
13,cg,jacobi,1,338.236
13,cg,jacobi,2,343.667
13,cg,jacobi,3,352.461
13,cg,jacobi,4,357.295
13,cg,jacobi,5,341.234
13,cg,sor,1,165.796
13,cg,sor,2,165.197
13,cg,sor,3,174.263
13,cg,sor,4,176.916
13,cg,sor,5,182.094
13,cg,ilu,1,231.198
13,cg,ilu,2,230.003
13,cg,ilu,3,229.664
13,cg,ilu,4,222.849
13,cg,ilu,5,190.748
13,cg,icc,1,156.936
13,cg,icc,2,157.108
13,cg,icc,3,157.53
13,cg,icc,4,158.917
13,cg,icc,5,159.912
13,cg,gamg,1,633.918
13,cg,gamg,2,641.645
13,cg,gamg,3,638.436
13,cg,gamg,4,638.469
13,cg,gamg,5,657.772
13,bcgs,jacobi,1,304.899
13,bcgs,jacobi,2,307.634
13,bcgs,jacobi,3,304.503
13,bcgs,jacobi,4,307.145
13,bcgs,jacobi,5,308.939
13,bcgs,sor,1,183.967
13,bcgs,sor,2,182.255
13,bcgs,sor,3,182.045
13,bcgs,sor,4,182.263
13,bcgs,sor,5,185.825
13,bcgs,ilu,1,206.344
13,bcgs,ilu,2,198.319
13,bcgs,ilu,3,208.532
13,bcgs,ilu,4,211.961
13,bcgs,ilu,5,211.325
13,bcgs,icc,1,169.661
13,bcgs,icc,2,170.159
13,bcgs,icc,3,169.802
13,bcgs,icc,4,171.354
13,bcgs,icc,5,170.412
13,bcgs,gamg,1,633.114
13,bcgs,gamg,2,630.172
13,bcgs,gamg,3,640.115
13,bcgs,gamg,4,630.142
13,bcgs,gamg,5,622.189
13,gmres,jacobi,1,654.184
13,gmres,jacobi,2,650.581
13,gmres,jacobi,3,663.634
13,gmres,jacobi,4,670.815
13,gmres,jacobi,5,663.12
13,gmres,sor,1,322.584
13,gmres,sor,2,320.719
13,gmres,sor,3,319.722
13,gmres,sor,4,320.408
13,gmres,sor,5,327.67
13,gmres,ilu,1,401.129
13,gmres,ilu,2,384.831
13,gmres,ilu,3,377.767
13,gmres,ilu,4,382.863
13,gmres,ilu,5,379.411
13,gmres,icc,1,299.097
13,gmres,icc,2,296.287
13,gmres,icc,3,293.773
13,gmres,icc,4,294.769
13,gmres,icc,5,286.287
13,gmres,gamg,1,786.649
13,gmres,gamg,2,786.225
13,gmres,gamg,3,781.273
13,gmres,gamg,4,777.221
13,gmres,gamg,5,796.105
14,cg,jacobi,1,318.801
14,cg,jacobi,2,331.607
14,cg,jacobi,3,334.044
14,cg,jacobi,4,340.717
14,cg,jacobi,5,339.124
14,cg,sor,1,166.896
14,cg,sor,2,163.344
14,cg,sor,3,166.356
14,cg,sor,4,167.787
14,cg,sor,5,168.841
14,cg,ilu,1,214.624
14,cg,ilu,2,199.748
14,cg,ilu,3,226.538
14,cg,ilu,4,207.247
14,cg,ilu,5,224.34
14,cg,icc,1,163.386
14,cg,icc,2,163.331
14,cg,icc,3,163.348
14,cg,icc,4,161.685
14,cg,icc,5,162.065
14,cg,gamg,1,661.685
14,cg,gamg,2,658.588
14,cg,gamg,3,676.001
14,cg,gamg,4,640.25
14,cg,gamg,5,659.194
14,bcgs,jacobi,1,275.764
14,bcgs,jacobi,2,273.359
14,bcgs,jacobi,3,275.638
14,bcgs,jacobi,4,274.209
14,bcgs,jacobi,5,275.606
14,bcgs,sor,1,202.264
14,bcgs,sor,2,205.33
14,bcgs,sor,3,202.106
14,bcgs,sor,4,200.132
14,bcgs,sor,5,203.984
14,bcgs,ilu,1,251.951
14,bcgs,ilu,2,232.988
14,bcgs,ilu,3,234.122
14,bcgs,ilu,4,239.971
14,bcgs,ilu,5,239.335
14,bcgs,icc,1,177.885
14,bcgs,icc,2,176.672
14,bcgs,icc,3,177.821
14,bcgs,icc,4,178.412
14,bcgs,icc,5,174.95
14,bcgs,gamg,1,811.163
14,bcgs,gamg,2,791.717
14,bcgs,gamg,3,790.872
14,bcgs,gamg,4,785.785
14,bcgs,gamg,5,795.433
14,gmres,jacobi,1,674.843
14,gmres,jacobi,2,664.182
14,gmres,jacobi,3,671.511
14,gmres,jacobi,4,673.308
14,gmres,jacobi,5,678.834
14,gmres,sor,1,333.77
14,gmres,sor,2,334.434
14,gmres,sor,3,335.372
14,gmres,sor,4,331.495
14,gmres,sor,5,333.363
14,gmres,ilu,1,373.563
14,gmres,ilu,2,375.525
14,gmres,ilu,3,367.398
14,gmres,ilu,4,384.634
14,gmres,ilu,5,380.143
14,gmres,icc,1,300.021
14,gmres,icc,2,296.898
14,gmres,icc,3,299.077
14,gmres,icc,4,299.494
14,gmres,icc,5,298.671
14,gmres,gamg,1,780.435
14,gmres,gamg,2,794.091
14,gmres,gamg,3,777.23
14,gmres,gamg,4,774.565
14,gmres,gamg,5,779.18
15,cg,jacobi,1,316.234
15,cg,jacobi,2,338.278
15,cg,jacobi,3,340.841
15,cg,jacobi,4,337.2
15,cg,jacobi,5,348.199
15,cg,sor,1,173.586
15,cg,sor,2,172.459
15,cg,sor,3,169.414
15,cg,sor,4,172.99
15,cg,sor,5,170.761
15,cg,ilu,1,178.819
15,cg,ilu,2,178.349
15,cg,ilu,3,201.806
15,cg,ilu,4,201.652
15,cg,ilu,5,205.294
15,cg,icc,1,163.5
15,cg,icc,2,161.712
15,cg,icc,3,159.447
15,cg,icc,4,162.64
15,cg,icc,5,158.209
15,cg,gamg,1,655.228
15,cg,gamg,2,657.394
15,cg,gamg,3,655.14
15,cg,gamg,4,652.228
15,cg,gamg,5,665.734
15,bcgs,jacobi,1,312.997
15,bcgs,jacobi,2,311.672
15,bcgs,jacobi,3,314.116
15,bcgs,jacobi,4,314.842
15,bcgs,jacobi,5,314.094
15,bcgs,sor,1,196.104
15,bcgs,sor,2,196.511
15,bcgs,sor,3,193.303
15,bcgs,sor,4,196.839
15,bcgs,sor,5,202.806
15,bcgs,ilu,1,261.393
15,bcgs,ilu,2,227.728
15,bcgs,ilu,3,239.537
15,bcgs,ilu,4,237.569
15,bcgs,ilu,5,250.844
15,bcgs,icc,1,178.136
15,bcgs,icc,2,177.94
15,bcgs,icc,3,176.599
15,bcgs,icc,4,176.033
15,bcgs,icc,5,177.906
15,bcgs,gamg,1,662.839
15,bcgs,gamg,2,662.785
15,bcgs,gamg,3,668.167
15,bcgs,gamg,4,670.181
15,bcgs,gamg,5,662.386
15,gmres,jacobi,1,676.349
15,gmres,jacobi,2,687.677
15,gmres,jacobi,3,673.372
15,gmres,jacobi,4,666.629
15,gmres,jacobi,5,671.457
15,gmres,sor,1,331.232
15,gmres,sor,2,333.762
15,gmres,sor,3,333.524
15,gmres,sor,4,334.208
15,gmres,sor,5,332.015
15,gmres,ilu,1,389.786
15,gmres,ilu,2,379.037
15,gmres,ilu,3,382.901
15,gmres,ilu,4,378.892
15,gmres,ilu,5,372.686
15,gmres,icc,1,301.777
15,gmres,icc,2,303.737
15,gmres,icc,3,303.324
15,gmres,icc,4,298.486
15,gmres,icc,5,300.527
15,gmres,gamg,1,778.959
15,gmres,gamg,2,770.555
15,gmres,gamg,3,778.849
15,gmres,gamg,4,788.446
15,gmres,gamg,5,766.624
16,cg,jacobi,1,327.135
16,cg,jacobi,2,329.668
16,cg,jacobi,3,335.083
16,cg,jacobi,4,341.943
16,cg,jacobi,5,346.563
16,cg,sor,1,173.574
16,cg,sor,2,174.761
16,cg,sor,3,171.658
16,cg,sor,4,174.944
16,cg,sor,5,171.974
16,cg,ilu,1,212.253
16,cg,ilu,2,212.998
16,cg,ilu,3,231.895
16,cg,ilu,4,212.46
16,cg,ilu,5,205.648
16,cg,icc,1,159.815
16,cg,icc,2,160.224
16,cg,icc,3,160.471
16,cg,icc,4,161.494
16,cg,icc,5,163.987
16,cg,gamg,1,651.19
16,cg,gamg,2,651.095
16,cg,gamg,3,656.077
16,cg,gamg,4,664.497
16,cg,gamg,5,656.813
16,bcgs,jacobi,1,324.844
16,bcgs,jacobi,2,332.991
16,bcgs,jacobi,3,318.326
16,bcgs,jacobi,4,323.242
16,bcgs,jacobi,5,314.77
16,bcgs,sor,1,219.843
16,bcgs,sor,2,218.812
16,bcgs,sor,3,216.802
16,bcgs,sor,4,209.032
16,bcgs,sor,5,207.695
16,bcgs,ilu,1,203.06
16,bcgs,ilu,2,188.398
16,bcgs,ilu,3,219.253
16,bcgs,ilu,4,202.071
16,bcgs,ilu,5,197.833
16,bcgs,icc,1,165.423
16,bcgs,icc,2,168.09
16,bcgs,icc,3,168.51
16,bcgs,icc,4,168.289
16,bcgs,icc,5,167.844
16,bcgs,gamg,1,790.674
16,bcgs,gamg,2,784.244
16,bcgs,gamg,3,789.549
16,bcgs,gamg,4,804.399
16,bcgs,gamg,5,782.555
16,gmres,jacobi,1,673.38
16,gmres,jacobi,2,670.087
16,gmres,jacobi,3,668.664
16,gmres,jacobi,4,676.762
16,gmres,jacobi,5,678.571
16,gmres,sor,1,326.925
16,gmres,sor,2,330.459
16,gmres,sor,3,334.264
16,gmres,sor,4,324.011
16,gmres,sor,5,328.076
16,gmres,ilu,1,398.393
16,gmres,ilu,2,378.558
16,gmres,ilu,3,377.677
16,gmres,ilu,4,371.106
16,gmres,ilu,5,383.344
16,gmres,icc,1,292.65
16,gmres,icc,2,295.874
16,gmres,icc,3,297.544
16,gmres,icc,4,296.532
16,gmres,icc,5,290.307
16,gmres,gamg,1,792.111
16,gmres,gamg,2,784.456
16,gmres,gamg,3,782.869
16,gmres,gamg,4,780.204
16,gmres,gamg,5,800.53
17,cg,jacobi,1,330.469
17,cg,jacobi,2,337.139
17,cg,jacobi,3,341.227
17,cg,jacobi,4,341.203
17,cg,jacobi,5,344.206
17,cg,sor,1,169.611
17,cg,sor,2,169.305
17,cg,sor,3,168.753
17,cg,sor,4,170.575
17,cg,sor,5,171.838
17,cg,ilu,1,207.88
17,cg,ilu,2,213.447
17,cg,ilu,3,214.962
17,cg,ilu,4,231.571
17,cg,ilu,5,220.181
17,cg,icc,1,163.083
17,cg,icc,2,161.112
17,cg,icc,3,160.034
17,cg,icc,4,163.506
17,cg,icc,5,163.198
17,cg,gamg,1,654.233
17,cg,gamg,2,661.024
17,cg,gamg,3,658.956
17,cg,gamg,4,659.704
17,cg,gamg,5,653.255
17,bcgs,jacobi,1,321.467
17,bcgs,jacobi,2,321.468
17,bcgs,jacobi,3,323.032
17,bcgs,jacobi,4,321.581
17,bcgs,jacobi,5,326.239
17,bcgs,sor,1,221.64
17,bcgs,sor,2,226.692
17,bcgs,sor,3,225.313
17,bcgs,sor,4,226.012
17,bcgs,sor,5,221.407
17,bcgs,ilu,1,243.684
17,bcgs,ilu,2,244.512
17,bcgs,ilu,3,235.536
17,bcgs,ilu,4,228.781
17,bcgs,ilu,5,227.73
17,bcgs,icc,1,180.241
17,bcgs,icc,2,179.935
17,bcgs,icc,3,180.787
17,bcgs,icc,4,184.06
17,bcgs,icc,5,183.822
17,bcgs,gamg,1,669.404
17,bcgs,gamg,2,663.933
17,bcgs,gamg,3,662.406
17,bcgs,gamg,4,665.654
17,bcgs,gamg,5,658.205
17,gmres,jacobi,1,679.409
17,gmres,jacobi,2,676.108
17,gmres,jacobi,3,674.251
17,gmres,jacobi,4,673.5
17,gmres,jacobi,5,683.665
17,gmres,sor,1,334.119
17,gmres,sor,2,329.271
17,gmres,sor,3,335.913
17,gmres,sor,4,332.575
17,gmres,sor,5,330.019
17,gmres,ilu,1,374.502
17,gmres,ilu,2,377.812
17,gmres,ilu,3,372.461
17,gmres,ilu,4,382.429
17,gmres,ilu,5,383.911
17,gmres,icc,1,292.953
17,gmres,icc,2,302.53
17,gmres,icc,3,298.197
17,gmres,icc,4,294.302
17,gmres,icc,5,291.808
17,gmres,gamg,1,780.845
17,gmres,gamg,2,789.994
17,gmres,gamg,3,775.182
17,gmres,gamg,4,770.165
17,gmres,gamg,5,777.163
18,cg,jacobi,1,306.713
18,cg,jacobi,2,324.172
18,cg,jacobi,3,333.933
18,cg,jacobi,4,331.297
18,cg,jacobi,5,338.797
18,cg,sor,1,169.078
18,cg,sor,2,168.715
18,cg,sor,3,166.708
18,cg,sor,4,167.593
18,cg,sor,5,164.968
18,cg,ilu,1,177.067
18,cg,ilu,2,212.631
18,cg,ilu,3,204.919
18,cg,ilu,4,202.199
18,cg,ilu,5,202.667
18,cg,icc,1,161.517
18,cg,icc,2,165.762
18,cg,icc,3,164.498
18,cg,icc,4,160.288
18,cg,icc,5,159.745
18,cg,gamg,1,654.277
18,cg,gamg,2,655.46
18,cg,gamg,3,628.112
18,cg,gamg,4,631.154
18,cg,gamg,5,648.979
18,bcgs,jacobi,1,290.943
18,bcgs,jacobi,2,290.991
18,bcgs,jacobi,3,291.323
18,bcgs,jacobi,4,285.676
18,bcgs,jacobi,5,288.741
18,bcgs,sor,1,211.882
18,bcgs,sor,2,211.891
18,bcgs,sor,3,208.795
18,bcgs,sor,4,211.463
18,bcgs,sor,5,212.59
18,bcgs,ilu,1,246.857
18,bcgs,ilu,2,237.866
18,bcgs,ilu,3,215.545
18,bcgs,ilu,4,225.237
18,bcgs,ilu,5,229.55
18,bcgs,icc,1,162.262
18,bcgs,icc,2,162.729
18,bcgs,icc,3,162.163
18,bcgs,icc,4,163.05
18,bcgs,icc,5,165.231
18,bcgs,gamg,1,686.409
18,bcgs,gamg,2,685.009
18,bcgs,gamg,3,687.687
18,bcgs,gamg,4,698.245
18,bcgs,gamg,5,692.976
18,gmres,jacobi,1,674.404
18,gmres,jacobi,2,678.335
18,gmres,jacobi,3,673.707
18,gmres,jacobi,4,671.682
18,gmres,jacobi,5,667.574
18,gmres,sor,1,331.933
18,gmres,sor,2,327.784
18,gmres,sor,3,331.146
18,gmres,sor,4,329.296
18,gmres,sor,5,330.236
18,gmres,ilu,1,384.271
18,gmres,ilu,2,382.335
18,gmres,ilu,3,379.764
18,gmres,ilu,4,384.814
18,gmres,ilu,5,374.027
18,gmres,icc,1,296.349
18,gmres,icc,2,292.211
18,gmres,icc,3,300.024
18,gmres,icc,4,303.627
18,gmres,icc,5,288.277
18,gmres,gamg,1,760.045
18,gmres,gamg,2,756.237
18,gmres,gamg,3,762.683
18,gmres,gamg,4,780.535
18,gmres,gamg,5,788.759
19,cg,jacobi,1,318.856
19,cg,jacobi,2,336.949
19,cg,jacobi,3,338.951
19,cg,jacobi,4,341.03
19,cg,jacobi,5,342.69
19,cg,sor,1,171.602
19,cg,sor,2,176.792
19,cg,sor,3,176.924
19,cg,sor,4,171.375
19,cg,sor,5,171.841
19,cg,ilu,1,222.379
19,cg,ilu,2,209.823
19,cg,ilu,3,211.323
19,cg,ilu,4,210.872
19,cg,ilu,5,226.691
19,cg,icc,1,161.421
19,cg,icc,2,162.259
19,cg,icc,3,160.806
19,cg,icc,4,159.663
19,cg,icc,5,160.5
19,cg,gamg,1,656.921
19,cg,gamg,2,660.166
19,cg,gamg,3,658.655
19,cg,gamg,4,663.724
19,cg,gamg,5,657.114
19,bcgs,jacobi,1,300.093
19,bcgs,jacobi,2,297.914
19,bcgs,jacobi,3,307.762
19,bcgs,jacobi,4,301.996
19,bcgs,jacobi,5,300.261
19,bcgs,sor,1,197.821
19,bcgs,sor,2,203.582
19,bcgs,sor,3,202.459
19,bcgs,sor,4,197.896
19,bcgs,sor,5,197.516
19,bcgs,ilu,1,235.97
19,bcgs,ilu,2,223.75
19,bcgs,ilu,3,224.355
19,bcgs,ilu,4,248.927
19,bcgs,ilu,5,229.998
19,bcgs,icc,1,162.472
19,bcgs,icc,2,159.199
19,bcgs,icc,3,162.337
19,bcgs,icc,4,167.929
19,bcgs,icc,5,165.702
19,bcgs,gamg,1,697.421
19,bcgs,gamg,2,703.963
19,bcgs,gamg,3,695.175
19,bcgs,gamg,4,702.009
19,bcgs,gamg,5,703.16
19,gmres,jacobi,1,674.985
19,gmres,jacobi,2,669.127
19,gmres,jacobi,3,668.661
19,gmres,jacobi,4,667.862
19,gmres,jacobi,5,674.144
19,gmres,sor,1,333.377
19,gmres,sor,2,335.167
19,gmres,sor,3,331.627
19,gmres,sor,4,335.774
19,gmres,sor,5,334.36
19,gmres,ilu,1,378.179
19,gmres,ilu,2,389.477
19,gmres,ilu,3,395.428
19,gmres,ilu,4,377.501
19,gmres,ilu,5,378.125
19,gmres,icc,1,295.601
19,gmres,icc,2,298.835
19,gmres,icc,3,298.175
19,gmres,icc,4,295.544
19,gmres,icc,5,292.185
19,gmres,gamg,1,779.253
19,gmres,gamg,2,784.552
19,gmres,gamg,3,782.888
19,gmres,gamg,4,779.779
19,gmres,gamg,5,783.583
20,cg,jacobi,1,262.105
20,cg,jacobi,2,266.433
20,cg,jacobi,3,287.078
20,cg,jacobi,4,290.754
20,cg,jacobi,5,295.016
20,cg,sor,1,161.567
20,cg,sor,2,161.732
20,cg,sor,3,163.789
20,cg,sor,4,163.848
20,cg,sor,5,163.415
20,cg,ilu,1,196.544
20,cg,ilu,2,191.343
20,cg,ilu,3,220.843
20,cg,ilu,4,203.502
20,cg,ilu,5,203.032
20,cg,icc,1,157.954
20,cg,icc,2,161.21
20,cg,icc,3,163.676
20,cg,icc,4,162.335
20,cg,icc,5,162.551
20,cg,gamg,1,663.584
20,cg,gamg,2,666.318
20,cg,gamg,3,663.899
20,cg,gamg,4,666.14
20,cg,gamg,5,664.114
20,bcgs,jacobi,1,308.689
20,bcgs,jacobi,2,309.571
20,bcgs,jacobi,3,311.236
20,bcgs,jacobi,4,310.007
20,bcgs,jacobi,5,306.58
20,bcgs,sor,1,226.34
20,bcgs,sor,2,230.936
20,bcgs,sor,3,225.969
20,bcgs,sor,4,221.365
20,bcgs,sor,5,230.741
20,bcgs,ilu,1,257.676
20,bcgs,ilu,2,231.281
20,bcgs,ilu,3,233.236
20,bcgs,ilu,4,233.261
20,bcgs,ilu,5,239.976
20,bcgs,icc,1,177.405
20,bcgs,icc,2,176.567
20,bcgs,icc,3,174.656
20,bcgs,icc,4,175.87
20,bcgs,icc,5,176.552
20,bcgs,gamg,1,665.546
20,bcgs,gamg,2,686.765
20,bcgs,gamg,3,670.882
20,bcgs,gamg,4,674.13
20,bcgs,gamg,5,665.971
20,gmres,jacobi,1,680.067
20,gmres,jacobi,2,681.518
20,gmres,jacobi,3,670.413
20,gmres,jacobi,4,679
20,gmres,jacobi,5,678.149
20,gmres,sor,1,338.934
20,gmres,sor,2,332.824
20,gmres,sor,3,335.81
20,gmres,sor,4,337.102
20,gmres,sor,5,331.166
20,gmres,ilu,1,387.888
20,gmres,ilu,2,381.725
20,gmres,ilu,3,385.027
20,gmres,ilu,4,382.605
20,gmres,ilu,5,382.056
20,gmres,icc,1,295.093
20,gmres,icc,2,302.792
20,gmres,icc,3,303.868
20,gmres,icc,4,301.416
20,gmres,icc,5,299.837
20,gmres,gamg,1,785.555
20,gmres,gamg,2,789.93
20,gmres,gamg,3,785.7
20,gmres,gamg,4,778.946
20,gmres,gamg,5,790.574
21,cg,jacobi,1,237.869
21,cg,jacobi,2,248.531
21,cg,jacobi,3,279.164
21,cg,jacobi,4,301.156
21,cg,jacobi,5,297.856
21,cg,sor,1,158.454
21,cg,sor,2,165.975
21,cg,sor,3,164.501
21,cg,sor,4,165.593
21,cg,sor,5,165.947
21,cg,ilu,1,208.443
21,cg,ilu,2,189.835
21,cg,ilu,3,207.803
21,cg,ilu,4,216.887
21,cg,ilu,5,219.728
21,cg,icc,1,160.583
21,cg,icc,2,158.492
21,cg,icc,3,159.249
21,cg,icc,4,162.635
21,cg,icc,5,162.74
21,cg,gamg,1,651.904
21,cg,gamg,2,659.553
21,cg,gamg,3,654.1
21,cg,gamg,4,656.087
21,cg,gamg,5,659.154
21,bcgs,jacobi,1,288.41
21,bcgs,jacobi,2,291.028
21,bcgs,jacobi,3,288.989
21,bcgs,jacobi,4,291.828
21,bcgs,jacobi,5,286.834
21,bcgs,sor,1,212.354
21,bcgs,sor,2,217.386
21,bcgs,sor,3,215.535
21,bcgs,sor,4,207.949
21,bcgs,sor,5,212.05
21,bcgs,ilu,1,262.803
21,bcgs,ilu,2,237.188
21,bcgs,ilu,3,233.694
21,bcgs,ilu,4,241.219
21,bcgs,ilu,5,243.049
21,bcgs,icc,1,160.19
21,bcgs,icc,2,163.303
21,bcgs,icc,3,162.249
21,bcgs,icc,4,159.91
21,bcgs,icc,5,162.781
21,bcgs,gamg,1,690.087
21,bcgs,gamg,2,695.533
21,bcgs,gamg,3,681.923
21,bcgs,gamg,4,686.93
21,bcgs,gamg,5,690.346
21,gmres,jacobi,1,691.474
21,gmres,jacobi,2,687.492
21,gmres,jacobi,3,691.62
21,gmres,jacobi,4,690.302
21,gmres,jacobi,5,688.624
21,gmres,sor,1,341.771
21,gmres,sor,2,340.372
21,gmres,sor,3,340.796
21,gmres,sor,4,343.628
21,gmres,sor,5,337.435
21,gmres,ilu,1,398.044
21,gmres,ilu,2,387.765
21,gmres,ilu,3,392.613
21,gmres,ilu,4,398.619
21,gmres,ilu,5,388.115
21,gmres,icc,1,303.78
21,gmres,icc,2,305.949
21,gmres,icc,3,300.433
21,gmres,icc,4,305.256
21,gmres,icc,5,304.55
21,gmres,gamg,1,805.703
21,gmres,gamg,2,802.871
21,gmres,gamg,3,797.636
21,gmres,gamg,4,811.023
21,gmres,gamg,5,808.915
22,cg,jacobi,1,288.109
22,cg,jacobi,2,295.836
22,cg,jacobi,3,313.728
22,cg,jacobi,4,312.885
22,cg,jacobi,5,315.738
22,cg,sor,1,165.115
22,cg,sor,2,166.15
22,cg,sor,3,166.321
22,cg,sor,4,169.415
22,cg,sor,5,166.821
22,cg,ilu,1,210.968
22,cg,ilu,2,222.364
22,cg,ilu,3,213.924
22,cg,ilu,4,214.627
22,cg,ilu,5,216.075
22,cg,icc,1,163.617
22,cg,icc,2,161.554
22,cg,icc,3,163.399
22,cg,icc,4,164.157
22,cg,icc,5,164.609
22,cg,gamg,1,678.803
22,cg,gamg,2,670.724
22,cg,gamg,3,685.335
22,cg,gamg,4,672.527
22,cg,gamg,5,680.456
22,bcgs,jacobi,1,267.031
22,bcgs,jacobi,2,267.279
22,bcgs,jacobi,3,269.517
22,bcgs,jacobi,4,264.216
22,bcgs,jacobi,5,261.971
22,bcgs,sor,1,231.997
22,bcgs,sor,2,229.127
22,bcgs,sor,3,229.419
22,bcgs,sor,4,230.28
22,bcgs,sor,5,231.421
22,bcgs,ilu,1,253.657
22,bcgs,ilu,2,216.373
22,bcgs,ilu,3,218.531
22,bcgs,ilu,4,244.155
22,bcgs,ilu,5,250.718
22,bcgs,icc,1,176.004
22,bcgs,icc,2,174.286
22,bcgs,icc,3,173.215
22,bcgs,icc,4,178.394
22,bcgs,icc,5,176.843
22,bcgs,gamg,1,759.241
22,bcgs,gamg,2,762.354
22,bcgs,gamg,3,765.059
22,bcgs,gamg,4,759.755
22,bcgs,gamg,5,760.753
22,gmres,jacobi,1,689.649
22,gmres,jacobi,2,685.977
22,gmres,jacobi,3,690.107
22,gmres,jacobi,4,692.609
22,gmres,jacobi,5,692.883
22,gmres,sor,1,342.327
22,gmres,sor,2,342.051
22,gmres,sor,3,343.967
22,gmres,sor,4,347.124
22,gmres,sor,5,341.336
22,gmres,ilu,1,375.835
22,gmres,ilu,2,389.492
22,gmres,ilu,3,393.765
22,gmres,ilu,4,391.228
22,gmres,ilu,5,397.572
22,gmres,icc,1,309.365
22,gmres,icc,2,303.242
22,gmres,icc,3,309.501
22,gmres,icc,4,306.217
22,gmres,icc,5,302.45
22,gmres,gamg,1,811.528
22,gmres,gamg,2,815.564
22,gmres,gamg,3,804.765
22,gmres,gamg,4,816.606
22,gmres,gamg,5,813.582
23,cg,jacobi,1,290.854
23,cg,jacobi,2,303.205
23,cg,jacobi,3,305.681
23,cg,jacobi,4,315.215
23,cg,jacobi,5,318.548
23,cg,sor,1,163.918
23,cg,sor,2,161.902
23,cg,sor,3,164.66
23,cg,sor,4,164.916
23,cg,sor,5,164.181
23,cg,ilu,1,220.335
23,cg,ilu,2,214.857
23,cg,ilu,3,212.57
23,cg,ilu,4,198.45
23,cg,ilu,5,193.957
23,cg,icc,1,158.947
23,cg,icc,2,162.437
23,cg,icc,3,165.26
23,cg,icc,4,163.909
23,cg,icc,5,161.925
23,cg,gamg,1,675.573
23,cg,gamg,2,677.537
23,cg,gamg,3,681.968
23,cg,gamg,4,678.183
23,cg,gamg,5,676.453
23,bcgs,jacobi,1,298.342
23,bcgs,jacobi,2,303.897
23,bcgs,jacobi,3,300.507
23,bcgs,jacobi,4,297.743
23,bcgs,jacobi,5,299.735
23,bcgs,sor,1,214.647
23,bcgs,sor,2,216.209
23,bcgs,sor,3,212.309
23,bcgs,sor,4,213.667
23,bcgs,sor,5,213.368
23,bcgs,ilu,1,245.578
23,bcgs,ilu,2,230.618
23,bcgs,ilu,3,250.331
23,bcgs,ilu,4,240.528
23,bcgs,ilu,5,236.865
23,bcgs,icc,1,178.941
23,bcgs,icc,2,180.195
23,bcgs,icc,3,179.954
23,bcgs,icc,4,179.526
23,bcgs,icc,5,181.954
23,bcgs,gamg,1,682.637
23,bcgs,gamg,2,683.075
23,bcgs,gamg,3,688.772
23,bcgs,gamg,4,680.72
23,bcgs,gamg,5,686.663
23,gmres,jacobi,1,695.464
23,gmres,jacobi,2,684.234
23,gmres,jacobi,3,686.74
23,gmres,jacobi,4,693.145
23,gmres,jacobi,5,684.746
23,gmres,sor,1,351.655
23,gmres,sor,2,347.13
23,gmres,sor,3,331.757
23,gmres,sor,4,331.119
23,gmres,sor,5,330.62
23,gmres,ilu,1,376.009
23,gmres,ilu,2,367.258
23,gmres,ilu,3,363.856
23,gmres,ilu,4,361.373
23,gmres,ilu,5,377.268
23,gmres,icc,1,293.552
23,gmres,icc,2,295.065
23,gmres,icc,3,293.153
23,gmres,icc,4,292.504
23,gmres,icc,5,301.867
23,gmres,gamg,1,782.031
23,gmres,gamg,2,787.797
23,gmres,gamg,3,778.329
23,gmres,gamg,4,788.278
23,gmres,gamg,5,776.43
24,cg,jacobi,1,230.311
24,cg,jacobi,2,240.201
24,cg,jacobi,3,247.636
24,cg,jacobi,4,249.387
24,cg,jacobi,5,249.531
24,cg,sor,1,136.84
24,cg,sor,2,138.401
24,cg,sor,3,139.064
24,cg,sor,4,141.537
24,cg,sor,5,141.146
24,cg,ilu,1,166.101
24,cg,ilu,2,167.623
24,cg,ilu,3,170.385
24,cg,ilu,4,166.422
24,cg,ilu,5,170.004
24,cg,icc,1,146.387
24,cg,icc,2,146.075
24,cg,icc,3,150.678
24,cg,icc,4,148.302
24,cg,icc,5,148.191
24,cg,gamg,1,670.337
24,cg,gamg,2,679.467
24,cg,gamg,3,670.509
24,cg,gamg,4,680.296
24,cg,gamg,5,675.438
24,bcgs,jacobi,1,275.54
24,bcgs,jacobi,2,282.196
24,bcgs,jacobi,3,281.776
24,bcgs,jacobi,4,287.607
24,bcgs,jacobi,5,282.835
24,bcgs,sor,1,220.232
24,bcgs,sor,2,217.412
24,bcgs,sor,3,218.407
24,bcgs,sor,4,219.525
24,bcgs,sor,5,223.027
24,bcgs,ilu,1,213.749
24,bcgs,ilu,2,208.187
24,bcgs,ilu,3,191.625
24,bcgs,ilu,4,245.156
24,bcgs,ilu,5,259.181
24,bcgs,icc,1,175.097
24,bcgs,icc,2,178.018
24,bcgs,icc,3,175.941
24,bcgs,icc,4,175.36
24,bcgs,icc,5,175.448
24,bcgs,gamg,1,673.967
24,bcgs,gamg,2,685.603
24,bcgs,gamg,3,674.3
24,bcgs,gamg,4,670.238
24,bcgs,gamg,5,675.11
24,gmres,jacobi,1,761.313
24,gmres,jacobi,2,755.261
24,gmres,jacobi,3,759.044
24,gmres,jacobi,4,754.307
24,gmres,jacobi,5,754.451
24,gmres,sor,1,340.109
24,gmres,sor,2,341.125
24,gmres,sor,3,335.794
24,gmres,sor,4,332.41
24,gmres,sor,5,337.628
24,gmres,ilu,1,389.415
24,gmres,ilu,2,389.387
24,gmres,ilu,3,405.384
24,gmres,ilu,4,390.192
24,gmres,ilu,5,390.107
24,gmres,icc,1,307.376
24,gmres,icc,2,305.309
24,gmres,icc,3,310.207
24,gmres,icc,4,308.148
24,gmres,icc,5,306.29
24,gmres,gamg,1,766.477
24,gmres,gamg,2,781.356
24,gmres,gamg,3,781.812
24,gmres,gamg,4,786.784
24,gmres,gamg,5,778.995
25,cg,jacobi,1,250.346
25,cg,jacobi,2,261.395
25,cg,jacobi,3,267.488
25,cg,jacobi,4,280.99
25,cg,jacobi,5,294.176
25,cg,sor,1,156.722
25,cg,sor,2,156.691
25,cg,sor,3,154.422
25,cg,sor,4,158.421
25,cg,sor,5,160.081
25,cg,ilu,1,217.664
25,cg,ilu,2,212.942
25,cg,ilu,3,209.217
25,cg,ilu,4,219.182
25,cg,ilu,5,246.419
25,cg,icc,1,166.63
25,cg,icc,2,165.192
25,cg,icc,3,162.615
25,cg,icc,4,164.109
25,cg,icc,5,166.719
25,cg,gamg,1,709.832
25,cg,gamg,2,706.921
25,cg,gamg,3,702.46
25,cg,gamg,4,703.408
25,cg,gamg,5,688.145
25,bcgs,jacobi,1,297.566
25,bcgs,jacobi,2,302.619
25,bcgs,jacobi,3,293.574
25,bcgs,jacobi,4,295.895
25,bcgs,jacobi,5,295.453
25,bcgs,sor,1,224.413
25,bcgs,sor,2,221.709
25,bcgs,sor,3,223.404
25,bcgs,sor,4,228.445
25,bcgs,sor,5,226.534
25,bcgs,ilu,1,240
25,bcgs,ilu,2,220.732
25,bcgs,ilu,3,245.587
25,bcgs,ilu,4,239.064
25,bcgs,ilu,5,231.627
25,bcgs,icc,1,175.594
25,bcgs,icc,2,184.131
25,bcgs,icc,3,173.338
25,bcgs,icc,4,172.056
25,bcgs,icc,5,175.656
25,bcgs,gamg,1,791.418
25,bcgs,gamg,2,796.728
25,bcgs,gamg,3,793.311
25,bcgs,gamg,4,796.952
25,bcgs,gamg,5,791.781
25,gmres,jacobi,1,763.891
25,gmres,jacobi,2,755.082
25,gmres,jacobi,3,759.767
25,gmres,jacobi,4,758.025
25,gmres,jacobi,5,756.165
25,gmres,sor,1,348.355
25,gmres,sor,2,346.622
25,gmres,sor,3,341.411
25,gmres,sor,4,334.011
25,gmres,sor,5,345.272
25,gmres,ilu,1,388.409
25,gmres,ilu,2,400.524
25,gmres,ilu,3,390.248
25,gmres,ilu,4,388.825
25,gmres,ilu,5,390.018
25,gmres,icc,1,313.189
25,gmres,icc,2,303.279
25,gmres,icc,3,312.305
25,gmres,icc,4,309.017
25,gmres,icc,5,301.537
25,gmres,gamg,1,800.42
25,gmres,gamg,2,780.862
25,gmres,gamg,3,786.449
25,gmres,gamg,4,782.828
25,gmres,gamg,5,778.096
26,cg,jacobi,1,251.499
26,cg,jacobi,2,278.14
26,cg,jacobi,3,281.766
26,cg,jacobi,4,284.229
26,cg,jacobi,5,298.432
26,cg,sor,1,160.053
26,cg,sor,2,160.273
26,cg,sor,3,160.821
26,cg,sor,4,164.044
26,cg,sor,5,161.941
26,cg,ilu,1,238.018
26,cg,ilu,2,219.083
26,cg,ilu,3,214.105
26,cg,ilu,4,210.734
26,cg,ilu,5,217.372
26,cg,icc,1,164.07
26,cg,icc,2,165.051
26,cg,icc,3,168.078
26,cg,icc,4,167.814
26,cg,icc,5,162.994
26,cg,gamg,1,698.623
26,cg,gamg,2,701.172
26,cg,gamg,3,707.713
26,cg,gamg,4,697.051
26,cg,gamg,5,705.799
26,bcgs,jacobi,1,336.33
26,bcgs,jacobi,2,325.609
26,bcgs,jacobi,3,333.279
26,bcgs,jacobi,4,336.236
26,bcgs,jacobi,5,334.421
26,bcgs,sor,1,229.431
26,bcgs,sor,2,222.155
26,bcgs,sor,3,221.381
26,bcgs,sor,4,221.879
26,bcgs,sor,5,220.436
26,bcgs,ilu,1,248.274
26,bcgs,ilu,2,247.902
26,bcgs,ilu,3,252.488
26,bcgs,ilu,4,246.338
26,bcgs,ilu,5,239.208
26,bcgs,icc,1,185.689
26,bcgs,icc,2,186.507
26,bcgs,icc,3,185.646
26,bcgs,icc,4,184.924
26,bcgs,icc,5,184.22
26,bcgs,gamg,1,713.168
26,bcgs,gamg,2,703.322
26,bcgs,gamg,3,708.526
26,bcgs,gamg,4,703.636
26,bcgs,gamg,5,703.076
26,gmres,jacobi,1,753.765
26,gmres,jacobi,2,758.875
26,gmres,jacobi,3,764.625
26,gmres,jacobi,4,762.598
26,gmres,jacobi,5,758.37
26,gmres,sor,1,346.061
26,gmres,sor,2,348.863
26,gmres,sor,3,343.726
26,gmres,sor,4,345.16
26,gmres,sor,5,339.412
26,gmres,ilu,1,395.616
26,gmres,ilu,2,401.466
26,gmres,ilu,3,389.304
26,gmres,ilu,4,394.52
26,gmres,ilu,5,398.579
26,gmres,icc,1,304.65
26,gmres,icc,2,304.552
26,gmres,icc,3,309.302
26,gmres,icc,4,305.32
26,gmres,icc,5,301.226
26,gmres,gamg,1,796.114
26,gmres,gamg,2,784.893
26,gmres,gamg,3,775.904
26,gmres,gamg,4,775.762
26,gmres,gamg,5,786.711
27,cg,jacobi,1,231.294
27,cg,jacobi,2,246.127
27,cg,jacobi,3,276.918
27,cg,jacobi,4,284.681
27,cg,jacobi,5,285.321
27,cg,sor,1,152.832
27,cg,sor,2,160.06
27,cg,sor,3,160.041
27,cg,sor,4,161.947
27,cg,sor,5,161.736
27,cg,ilu,1,223.731
27,cg,ilu,2,216.824
27,cg,ilu,3,233.176
27,cg,ilu,4,228.777
27,cg,ilu,5,230.558
27,cg,icc,1,168.173
27,cg,icc,2,169.162
27,cg,icc,3,172.703
27,cg,icc,4,170.387
27,cg,icc,5,170.781
27,cg,gamg,1,735.424
27,cg,gamg,2,742.279
27,cg,gamg,3,746.067
27,cg,gamg,4,746.656
27,cg,gamg,5,739.464
27,bcgs,jacobi,1,322.628
27,bcgs,jacobi,2,332.579
27,bcgs,jacobi,3,324.139
27,bcgs,jacobi,4,319.512
27,bcgs,jacobi,5,323.327
27,bcgs,sor,1,240.581
27,bcgs,sor,2,236.087
27,bcgs,sor,3,231.553
27,bcgs,sor,4,237.418
27,bcgs,sor,5,234.995
27,bcgs,ilu,1,272.827
27,bcgs,ilu,2,270.36
27,bcgs,ilu,3,270.899
27,bcgs,ilu,4,282.879
27,bcgs,ilu,5,273.098
27,bcgs,icc,1,195.888
27,bcgs,icc,2,193.651
27,bcgs,icc,3,194.298
27,bcgs,icc,4,193.918
27,bcgs,icc,5,194.347
27,bcgs,gamg,1,856.518
27,bcgs,gamg,2,859.93
27,bcgs,gamg,3,854.725
27,bcgs,gamg,4,852.756
27,bcgs,gamg,5,854.78
27,gmres,jacobi,1,742.762
27,gmres,jacobi,2,741.521
27,gmres,jacobi,3,737.324
27,gmres,jacobi,4,743.274
27,gmres,jacobi,5,741.562
27,gmres,sor,1,351.743
27,gmres,sor,2,352.729
27,gmres,sor,3,350.089
27,gmres,sor,4,345.673
27,gmres,sor,5,355.552
27,gmres,ilu,1,376.447
27,gmres,ilu,2,393.467
27,gmres,ilu,3,393.745
27,gmres,ilu,4,402.153
27,gmres,ilu,5,395.396
27,gmres,icc,1,302.388
27,gmres,icc,2,315.279
27,gmres,icc,3,308.357
27,gmres,icc,4,301.544
27,gmres,icc,5,316.687
27,gmres,gamg,1,823.212
27,gmres,gamg,2,828.355
27,gmres,gamg,3,821.426
27,gmres,gamg,4,825.678
27,gmres,gamg,5,819.704
28,cg,jacobi,1,230.889
28,cg,jacobi,2,249.059
28,cg,jacobi,3,264.32
28,cg,jacobi,4,280.26
28,cg,jacobi,5,280.685
28,cg,sor,1,150.316
28,cg,sor,2,151.372
28,cg,sor,3,154.962
28,cg,sor,4,156.874
28,cg,sor,5,157.967
28,cg,ilu,1,212.106
28,cg,ilu,2,217.504
28,cg,ilu,3,219.324
28,cg,ilu,4,261.107
28,cg,ilu,5,248.707
28,cg,icc,1,173.822
28,cg,icc,2,171.952
28,cg,icc,3,172.498
28,cg,icc,4,175.038
28,cg,icc,5,173.833
28,cg,gamg,1,710.919
28,cg,gamg,2,747.132
28,cg,gamg,3,753.58
28,cg,gamg,4,696.52
28,cg,gamg,5,705.572
28,bcgs,jacobi,1,267.206
28,bcgs,jacobi,2,266.914
28,bcgs,jacobi,3,265.296
28,bcgs,jacobi,4,262.492
28,bcgs,jacobi,5,266.628
28,bcgs,sor,1,208.991
28,bcgs,sor,2,208.619
28,bcgs,sor,3,205.739
28,bcgs,sor,4,206.481
28,bcgs,sor,5,212.462
28,bcgs,ilu,1,269.606
28,bcgs,ilu,2,237.796
28,bcgs,ilu,3,233.008
28,bcgs,ilu,4,225.76
28,bcgs,ilu,5,255.285
28,bcgs,icc,1,191.498
28,bcgs,icc,2,191.036
28,bcgs,icc,3,187.643
28,bcgs,icc,4,191.636
28,bcgs,icc,5,188.035
28,bcgs,gamg,1,674.549
28,bcgs,gamg,2,681.212
28,bcgs,gamg,3,686.657
28,bcgs,gamg,4,685.354
28,bcgs,gamg,5,687.929
28,gmres,jacobi,1,721.818
28,gmres,jacobi,2,724.599
28,gmres,jacobi,3,709.326
28,gmres,jacobi,4,711.638
28,gmres,jacobi,5,713.151
28,gmres,sor,1,336.567
28,gmres,sor,2,335.811
28,gmres,sor,3,344.485
28,gmres,sor,4,338.424
28,gmres,sor,5,339.495
28,gmres,ilu,1,386.431
28,gmres,ilu,2,378.854
28,gmres,ilu,3,381.842
28,gmres,ilu,4,376.524
28,gmres,ilu,5,376.558
28,gmres,icc,1,303.588
28,gmres,icc,2,298.262
28,gmres,icc,3,298.572
28,gmres,icc,4,297.727
28,gmres,icc,5,299.556
28,gmres,gamg,1,786.623
28,gmres,gamg,2,786.452
28,gmres,gamg,3,788.461
28,gmres,gamg,4,792.849
28,gmres,gamg,5,774.967
29,cg,jacobi,1,207.343
29,cg,jacobi,2,241.419
29,cg,jacobi,3,253.627
29,cg,jacobi,4,256.033
29,cg,jacobi,5,265.331
29,cg,sor,1,157.72
29,cg,sor,2,159.234
29,cg,sor,3,155.678
29,cg,sor,4,155.228
29,cg,sor,5,157.459
29,cg,ilu,1,198.658
29,cg,ilu,2,233.905
29,cg,ilu,3,223.747
29,cg,ilu,4,223.504
29,cg,ilu,5,202.962
29,cg,icc,1,167.08
29,cg,icc,2,162.931
29,cg,icc,3,164.806
29,cg,icc,4,164.579
29,cg,icc,5,166.232
29,cg,gamg,1,699.453
29,cg,gamg,2,708.213
29,cg,gamg,3,717.821
29,cg,gamg,4,708.391
29,cg,gamg,5,710.272
29,bcgs,jacobi,1,306.566
29,bcgs,jacobi,2,313.929
29,bcgs,jacobi,3,298.038
29,bcgs,jacobi,4,302.78
29,bcgs,jacobi,5,299.987
29,bcgs,sor,1,212.192
29,bcgs,sor,2,212.859
29,bcgs,sor,3,215.44
29,bcgs,sor,4,217.133
29,bcgs,sor,5,214.103
29,bcgs,ilu,1,222.378
29,bcgs,ilu,2,191.829
29,bcgs,ilu,3,219.007
29,bcgs,ilu,4,233.272
29,bcgs,ilu,5,231.557
29,bcgs,icc,1,179.126
29,bcgs,icc,2,179.043
29,bcgs,icc,3,174.363
29,bcgs,icc,4,174.786
29,bcgs,icc,5,175.966
29,bcgs,gamg,1,668.118
29,bcgs,gamg,2,665.361
29,bcgs,gamg,3,661.882
29,bcgs,gamg,4,682.626
29,bcgs,gamg,5,661.914
29,gmres,jacobi,1,723.463
29,gmres,jacobi,2,715.812
29,gmres,jacobi,3,723.282
29,gmres,jacobi,4,725.095
29,gmres,jacobi,5,719.679
29,gmres,sor,1,343.16
29,gmres,sor,2,340.121
29,gmres,sor,3,338.045
29,gmres,sor,4,341.592
29,gmres,sor,5,338.236
29,gmres,ilu,1,398.123
29,gmres,ilu,2,391.093
29,gmres,ilu,3,380.973
29,gmres,ilu,4,389.43
29,gmres,ilu,5,383.733
29,gmres,icc,1,294.445
29,gmres,icc,2,302.293
29,gmres,icc,3,299.081
29,gmres,icc,4,298.168
29,gmres,icc,5,288.997
29,gmres,gamg,1,799.606
29,gmres,gamg,2,791.124
29,gmres,gamg,3,793.299
29,gmres,gamg,4,789.977
29,gmres,gamg,5,810.144
30,cg,jacobi,1,226.778
30,cg,jacobi,2,301.157
30,cg,jacobi,3,309.956
30,cg,jacobi,4,316.136
30,cg,jacobi,5,317.822
30,cg,sor,1,164.467
30,cg,sor,2,164.003
30,cg,sor,3,166.526
30,cg,sor,4,163.098
30,cg,sor,5,166.029
30,cg,ilu,1,220.568
30,cg,ilu,2,202.114
30,cg,ilu,3,220.541
30,cg,ilu,4,201.471
30,cg,ilu,5,217.516
30,cg,icc,1,166.16
30,cg,icc,2,166.24
30,cg,icc,3,165.974
30,cg,icc,4,166.303
30,cg,icc,5,164.322
30,cg,gamg,1,712.152
30,cg,gamg,2,704.434
30,cg,gamg,3,726.542
30,cg,gamg,4,712.021
30,cg,gamg,5,708.866
30,bcgs,jacobi,1,332.703
30,bcgs,jacobi,2,329.664
30,bcgs,jacobi,3,335.925
30,bcgs,jacobi,4,333.972
30,bcgs,jacobi,5,338.668
30,bcgs,sor,1,230.628
30,bcgs,sor,2,228.064
30,bcgs,sor,3,229.281
30,bcgs,sor,4,222.501
30,bcgs,sor,5,230.792
30,bcgs,ilu,1,240.345
30,bcgs,ilu,2,221.386
30,bcgs,ilu,3,195.984
30,bcgs,ilu,4,214.672
30,bcgs,ilu,5,229.523
30,bcgs,icc,1,174.703
30,bcgs,icc,2,175.243
30,bcgs,icc,3,174.1
30,bcgs,icc,4,180.431
30,bcgs,icc,5,178.286
30,bcgs,gamg,1,823.926
30,bcgs,gamg,2,820.572
30,bcgs,gamg,3,816.187
30,bcgs,gamg,4,814.371
30,bcgs,gamg,5,835.911
30,gmres,jacobi,1,727.619
30,gmres,jacobi,2,721.641
30,gmres,jacobi,3,723.215
30,gmres,jacobi,4,731.452
30,gmres,jacobi,5,722.395
30,gmres,sor,1,330.296
30,gmres,sor,2,330.802
30,gmres,sor,3,338.339
30,gmres,sor,4,338.836
30,gmres,sor,5,335.019
30,gmres,ilu,1,380.288
30,gmres,ilu,2,389.656
30,gmres,ilu,3,383.038
30,gmres,ilu,4,389.175
30,gmres,ilu,5,383.421
30,gmres,icc,1,303.604
30,gmres,icc,2,299.877
30,gmres,icc,3,299.479
30,gmres,icc,4,296.741
30,gmres,icc,5,302.574
30,gmres,gamg,1,803.849
30,gmres,gamg,2,777.975
30,gmres,gamg,3,779.617
30,gmres,gamg,4,784.536
30,gmres,gamg,5,799.977
31,cg,jacobi,1,277.837
31,cg,jacobi,2,312.356
31,cg,jacobi,3,318.923
31,cg,jacobi,4,319.872
31,cg,jacobi,5,333.222
31,cg,sor,1,167.957
31,cg,sor,2,164.969
31,cg,sor,3,163.44
31,cg,sor,4,162.557
31,cg,sor,5,164.708
31,cg,ilu,1,206.336
31,cg,ilu,2,236.699
31,cg,ilu,3,235.889
31,cg,ilu,4,212.695
31,cg,ilu,5,217.427
31,cg,icc,1,165.468
31,cg,icc,2,165.649
31,cg,icc,3,167.084
31,cg,icc,4,167.646
31,cg,icc,5,167.004
31,cg,gamg,1,701.164
31,cg,gamg,2,701.795
31,cg,gamg,3,712.502
31,cg,gamg,4,712.166
31,cg,gamg,5,707.972
31,bcgs,jacobi,1,288.943
31,bcgs,jacobi,2,288.6
31,bcgs,jacobi,3,286.47
31,bcgs,jacobi,4,285.989
31,bcgs,jacobi,5,301.96
31,bcgs,sor,1,227.721
31,bcgs,sor,2,216.629
31,bcgs,sor,3,227.715
31,bcgs,sor,4,223.339
31,bcgs,sor,5,223.586
31,bcgs,ilu,1,258.775
31,bcgs,ilu,2,250.68
31,bcgs,ilu,3,247.244
31,bcgs,ilu,4,234.132
31,bcgs,ilu,5,228.531
31,bcgs,icc,1,176.874
31,bcgs,icc,2,178.536
31,bcgs,icc,3,176.914
31,bcgs,icc,4,176.819
31,bcgs,icc,5,176.435
31,bcgs,gamg,1,817.91
31,bcgs,gamg,2,828.962
31,bcgs,gamg,3,827.692
31,bcgs,gamg,4,844.176
31,bcgs,gamg,5,824.069
31,gmres,jacobi,1,721.24
31,gmres,jacobi,2,718.108
31,gmres,jacobi,3,719.382
31,gmres,jacobi,4,725.267
31,gmres,jacobi,5,721.254
31,gmres,sor,1,348.243
31,gmres,sor,2,342.537
31,gmres,sor,3,338.112
31,gmres,sor,4,343.715
31,gmres,sor,5,342.576
31,gmres,ilu,1,398.275
31,gmres,ilu,2,384.467
31,gmres,ilu,3,382.754
31,gmres,ilu,4,386.283
31,gmres,ilu,5,384.328
31,gmres,icc,1,295.366
31,gmres,icc,2,301.17
31,gmres,icc,3,302.453
31,gmres,icc,4,295.728
31,gmres,icc,5,298.352
31,gmres,gamg,1,801.289
31,gmres,gamg,2,783.537
31,gmres,gamg,3,787.564
31,gmres,gamg,4,792.684
31,gmres,gamg,5,809.195
32,cg,jacobi,1,221.775
32,cg,jacobi,2,285.625
32,cg,jacobi,3,316.302
32,cg,jacobi,4,316.001
32,cg,jacobi,5,316.246
32,cg,sor,1,166.498
32,cg,sor,2,166.316
32,cg,sor,3,169.675
32,cg,sor,4,164.423
32,cg,sor,5,166.972
32,cg,ilu,1,221.006
32,cg,ilu,2,212.443
32,cg,ilu,3,225.087
32,cg,ilu,4,215.775
32,cg,ilu,5,226.701
32,cg,icc,1,166.862
32,cg,icc,2,167.367
32,cg,icc,3,167.249
32,cg,icc,4,165.979
32,cg,icc,5,164.956
32,cg,gamg,1,753.709
32,cg,gamg,2,752.264
32,cg,gamg,3,759.95
32,cg,gamg,4,749.889
32,cg,gamg,5,748.485
32,bcgs,jacobi,1,303.593
32,bcgs,jacobi,2,307.21
32,bcgs,jacobi,3,304.702
32,bcgs,jacobi,4,306.053
32,bcgs,jacobi,5,307.989
32,bcgs,sor,1,205.903
32,bcgs,sor,2,204.632
32,bcgs,sor,3,206.079
32,bcgs,sor,4,202.379
32,bcgs,sor,5,203.196
32,bcgs,ilu,1,220.353
32,bcgs,ilu,2,204.914
32,bcgs,ilu,3,193.563
32,bcgs,ilu,4,192.067
32,bcgs,ilu,5,187.547
32,bcgs,icc,1,166.628
32,bcgs,icc,2,166.764
32,bcgs,icc,3,165.511
32,bcgs,icc,4,163.25
32,bcgs,icc,5,171.853
32,bcgs,gamg,1,726.714
32,bcgs,gamg,2,717.655
32,bcgs,gamg,3,715.335
32,bcgs,gamg,4,714.078
32,bcgs,gamg,5,719.534
32,gmres,jacobi,1,815.924
32,gmres,jacobi,2,815.235
32,gmres,jacobi,3,813.954
32,gmres,jacobi,4,822.39
32,gmres,jacobi,5,813.247
32,gmres,sor,1,344.643
32,gmres,sor,2,337.452
32,gmres,sor,3,340.553
32,gmres,sor,4,338.625
32,gmres,sor,5,330.385
32,gmres,ilu,1,357.902
32,gmres,ilu,2,393.728
32,gmres,ilu,3,386.677
32,gmres,ilu,4,390.767
32,gmres,ilu,5,392.283
32,gmres,icc,1,301.058
32,gmres,icc,2,304.777
32,gmres,icc,3,303.15
32,gmres,icc,4,298.908
32,gmres,icc,5,305.796
32,gmres,gamg,1,822.493
32,gmres,gamg,2,809.132
32,gmres,gamg,3,803.283
32,gmres,gamg,4,781.651
32,gmres,gamg,5,814.422
33,cg,jacobi,1,225.514
33,cg,jacobi,2,284.23
33,cg,jacobi,3,296.028
33,cg,jacobi,4,297.914
33,cg,jacobi,5,307.777
33,cg,sor,1,161.009
33,cg,sor,2,159.615
33,cg,sor,3,162.224
33,cg,sor,4,160.429
33,cg,sor,5,159.792
33,cg,ilu,1,233.871
33,cg,ilu,2,230.561
33,cg,ilu,3,237.396
33,cg,ilu,4,209.097
33,cg,ilu,5,201.678
33,cg,icc,1,161.039
33,cg,icc,2,164.344
33,cg,icc,3,164.633
33,cg,icc,4,166.616
33,cg,icc,5,167.085
33,cg,gamg,1,747.875
33,cg,gamg,2,747.503
33,cg,gamg,3,758.265
33,cg,gamg,4,757.544
33,cg,gamg,5,757.173
33,bcgs,jacobi,1,315.669
33,bcgs,jacobi,2,310.886
33,bcgs,jacobi,3,312.978
33,bcgs,jacobi,4,320.809
33,bcgs,jacobi,5,321.424
33,bcgs,sor,1,209.788
33,bcgs,sor,2,213.91
33,bcgs,sor,3,209.187
33,bcgs,sor,4,211.637
33,bcgs,sor,5,209.221
33,bcgs,ilu,1,253.054
33,bcgs,ilu,2,247.146
33,bcgs,ilu,3,236.643
33,bcgs,ilu,4,231.745
33,bcgs,ilu,5,233.506
33,bcgs,icc,1,179.167
33,bcgs,icc,2,176.445
33,bcgs,icc,3,175.361
33,bcgs,icc,4,174.516
33,bcgs,icc,5,177.022
33,bcgs,gamg,1,693.758
33,bcgs,gamg,2,677.82
33,bcgs,gamg,3,691.445
33,bcgs,gamg,4,688.025
33,bcgs,gamg,5,705.012
33,gmres,jacobi,1,813.87
33,gmres,jacobi,2,812.445
33,gmres,jacobi,3,803.44
33,gmres,jacobi,4,810.115
33,gmres,jacobi,5,819.392
33,gmres,sor,1,338.801
33,gmres,sor,2,343.603
33,gmres,sor,3,340.639
33,gmres,sor,4,339.425
33,gmres,sor,5,341.66
33,gmres,ilu,1,380.665
33,gmres,ilu,2,402.652
33,gmres,ilu,3,383.99
33,gmres,ilu,4,383.493
33,gmres,ilu,5,391.992
33,gmres,icc,1,303.036
33,gmres,icc,2,301.809
33,gmres,icc,3,302.221
33,gmres,icc,4,303.156
33,gmres,icc,5,298.972
33,gmres,gamg,1,817.592
33,gmres,gamg,2,820.193
33,gmres,gamg,3,799.096
33,gmres,gamg,4,800.78
33,gmres,gamg,5,822.261
34,cg,jacobi,1,220.06
34,cg,jacobi,2,243.945
34,cg,jacobi,3,300.985
34,cg,jacobi,4,312.649
34,cg,jacobi,5,312.79
34,cg,sor,1,165.686
34,cg,sor,2,165.441
34,cg,sor,3,165.428
34,cg,sor,4,166.056
34,cg,sor,5,164.429
34,cg,ilu,1,177.362
34,cg,ilu,2,157.12
34,cg,ilu,3,152.251
34,cg,ilu,4,155.383
34,cg,ilu,5,172.398
34,cg,icc,1,152.113
34,cg,icc,2,151.6
34,cg,icc,3,151.24
34,cg,icc,4,151.279
34,cg,icc,5,151.369
34,cg,gamg,1,727.377
34,cg,gamg,2,725.11
34,cg,gamg,3,740.179
34,cg,gamg,4,737.379
34,cg,gamg,5,731.307
34,bcgs,jacobi,1,301.185
34,bcgs,jacobi,2,298.005
34,bcgs,jacobi,3,297.919
34,bcgs,jacobi,4,301.818
34,bcgs,jacobi,5,297.873
34,bcgs,sor,1,207.362
34,bcgs,sor,2,210.177
34,bcgs,sor,3,208.874
34,bcgs,sor,4,207.488
34,bcgs,sor,5,207.491
34,bcgs,ilu,1,200.844
34,bcgs,ilu,2,190.811
34,bcgs,ilu,3,185.03
34,bcgs,ilu,4,186.088
34,bcgs,ilu,5,185.117
34,bcgs,icc,1,174.964
34,bcgs,icc,2,174.43
34,bcgs,icc,3,176.418
34,bcgs,icc,4,174.748
34,bcgs,icc,5,176.768
34,bcgs,gamg,1,688.007
34,bcgs,gamg,2,667.415
34,bcgs,gamg,3,666.182
34,bcgs,gamg,4,660.705
34,bcgs,gamg,5,658.93
34,gmres,jacobi,1,790.321
34,gmres,jacobi,2,790.388
34,gmres,jacobi,3,800.796
34,gmres,jacobi,4,801.518
34,gmres,jacobi,5,804.249
34,gmres,sor,1,329.503
34,gmres,sor,2,326.618
34,gmres,sor,3,328.439
34,gmres,sor,4,339.079
34,gmres,sor,5,338.66
34,gmres,ilu,1,386.366
34,gmres,ilu,2,380.827
34,gmres,ilu,3,385.533
34,gmres,ilu,4,391.76
34,gmres,ilu,5,385.601
34,gmres,icc,1,294.875
34,gmres,icc,2,301.902
34,gmres,icc,3,304.708
34,gmres,icc,4,298.949
34,gmres,icc,5,306.7
34,gmres,gamg,1,811.087
34,gmres,gamg,2,824.418
34,gmres,gamg,3,815.174
34,gmres,gamg,4,807.2
34,gmres,gamg,5,802.116
35,cg,jacobi,1,214.878
35,cg,jacobi,2,229.553
35,cg,jacobi,3,251.642
35,cg,jacobi,4,254.071
35,cg,jacobi,5,285.654
35,cg,sor,1,154.416
35,cg,sor,2,152.777
35,cg,sor,3,156.692
35,cg,sor,4,155.95
35,cg,sor,5,159.386
35,cg,ilu,1,225.897
35,cg,ilu,2,216.409
35,cg,ilu,3,208.586
35,cg,ilu,4,209.194
35,cg,ilu,5,213.058
35,cg,icc,1,165.222
35,cg,icc,2,170.164
35,cg,icc,3,170.553
35,cg,icc,4,165.875
35,cg,icc,5,163.784
35,cg,gamg,1,750.349
35,cg,gamg,2,739.726
35,cg,gamg,3,733.578
35,cg,gamg,4,745.638
35,cg,gamg,5,754.749
35,bcgs,jacobi,1,295.506
35,bcgs,jacobi,2,290.641
35,bcgs,jacobi,3,293.355
35,bcgs,jacobi,4,294.289
35,bcgs,jacobi,5,293.716
35,bcgs,sor,1,221.129
35,bcgs,sor,2,227.76
35,bcgs,sor,3,228.927
35,bcgs,sor,4,237.546
35,bcgs,sor,5,226.246
35,bcgs,ilu,1,233.585
35,bcgs,ilu,2,238.448
35,bcgs,ilu,3,227.088
35,bcgs,ilu,4,232.533
35,bcgs,ilu,5,241.55
35,bcgs,icc,1,167.459
35,bcgs,icc,2,167.622
35,bcgs,icc,3,165.821
35,bcgs,icc,4,166.938
35,bcgs,icc,5,164.019
35,bcgs,gamg,1,707.064
35,bcgs,gamg,2,709.292
35,bcgs,gamg,3,707.053
35,bcgs,gamg,4,704.08
35,bcgs,gamg,5,705.688
35,gmres,jacobi,1,792.455
35,gmres,jacobi,2,800.655
35,gmres,jacobi,3,795.676
35,gmres,jacobi,4,797.854
35,gmres,jacobi,5,802.655
35,gmres,sor,1,336.432
35,gmres,sor,2,345.235
35,gmres,sor,3,338.535
35,gmres,sor,4,339.843
35,gmres,sor,5,344.261
35,gmres,ilu,1,388.943
35,gmres,ilu,2,381.492
35,gmres,ilu,3,393.799
35,gmres,ilu,4,382.213
35,gmres,ilu,5,387.079
35,gmres,icc,1,302.562
35,gmres,icc,2,301.02
35,gmres,icc,3,305.023
35,gmres,icc,4,299.445
35,gmres,icc,5,304.359
35,gmres,gamg,1,812.363
35,gmres,gamg,2,809.656
35,gmres,gamg,3,808.281
35,gmres,gamg,4,811.311
35,gmres,gamg,5,811.399
36,cg,jacobi,1,202.77
36,cg,jacobi,2,247.696
36,cg,jacobi,3,275.912
36,cg,jacobi,4,272.382
36,cg,jacobi,5,286.967
36,cg,sor,1,151.749
36,cg,sor,2,151.169
36,cg,sor,3,158.108
36,cg,sor,4,162.656
36,cg,sor,5,162.868
36,cg,ilu,1,203.318
36,cg,ilu,2,204.063
36,cg,ilu,3,218.86
36,cg,ilu,4,226.386
36,cg,ilu,5,216.793
36,cg,icc,1,164.793
36,cg,icc,2,165.711
36,cg,icc,3,163.603
36,cg,icc,4,164.236
36,cg,icc,5,164.373
36,cg,gamg,1,745.086
36,cg,gamg,2,748.754
36,cg,gamg,3,741.846
36,cg,gamg,4,741.291
36,cg,gamg,5,744.362
36,bcgs,jacobi,1,306.002
36,bcgs,jacobi,2,310.5
36,bcgs,jacobi,3,304.045
36,bcgs,jacobi,4,313.438
36,bcgs,jacobi,5,314.825
36,bcgs,sor,1,223.883
36,bcgs,sor,2,222.449
36,bcgs,sor,3,223.383
36,bcgs,sor,4,222.053
36,bcgs,sor,5,226.28
36,bcgs,ilu,1,228.947
36,bcgs,ilu,2,229.981
36,bcgs,ilu,3,235.224
36,bcgs,ilu,4,237.755
36,bcgs,ilu,5,230.559
36,bcgs,icc,1,178.361
36,bcgs,icc,2,179.573
36,bcgs,icc,3,179.818
36,bcgs,icc,4,181.316
36,bcgs,icc,5,180.527
36,bcgs,gamg,1,701.428
36,bcgs,gamg,2,700.337
36,bcgs,gamg,3,713.319
36,bcgs,gamg,4,709.217
36,bcgs,gamg,5,702.925
36,gmres,jacobi,1,815.179
36,gmres,jacobi,2,811.076
36,gmres,jacobi,3,812.628
36,gmres,jacobi,4,809.214
36,gmres,jacobi,5,814.599
36,gmres,sor,1,348.225
36,gmres,sor,2,347.299
36,gmres,sor,3,349.922
36,gmres,sor,4,346.201
36,gmres,sor,5,349.368
36,gmres,ilu,1,393.63
36,gmres,ilu,2,394.671
36,gmres,ilu,3,397.05
36,gmres,ilu,4,390.958
36,gmres,ilu,5,401.175
36,gmres,icc,1,308.136
36,gmres,icc,2,305.793
36,gmres,icc,3,310.373
36,gmres,icc,4,309.436
36,gmres,icc,5,302.543
36,gmres,gamg,1,825.734
36,gmres,gamg,2,828.703
36,gmres,gamg,3,830.126
36,gmres,gamg,4,828.549
36,gmres,gamg,5,830.729
37,cg,jacobi,1,200.966
37,cg,jacobi,2,252.799
37,cg,jacobi,3,262.977
37,cg,jacobi,4,267.246
37,cg,jacobi,5,273.41
37,cg,sor,1,157.772
37,cg,sor,2,157.624
37,cg,sor,3,158.934
37,cg,sor,4,159.332
37,cg,sor,5,158.491
37,cg,ilu,1,206.178
37,cg,ilu,2,183.944
37,cg,ilu,3,214.016
37,cg,ilu,4,236.348
37,cg,ilu,5,203.097
37,cg,icc,1,167.633
37,cg,icc,2,168.001
37,cg,icc,3,166.421
37,cg,icc,4,168.923
37,cg,icc,5,168.287
37,cg,gamg,1,768.887
37,cg,gamg,2,773.335
37,cg,gamg,3,770.361
37,cg,gamg,4,750.373
37,cg,gamg,5,772.497
37,bcgs,jacobi,1,313.994
37,bcgs,jacobi,2,313.39
37,bcgs,jacobi,3,316.456
37,bcgs,jacobi,4,312.242
37,bcgs,jacobi,5,311.311
37,bcgs,sor,1,216.186
37,bcgs,sor,2,216.366
37,bcgs,sor,3,213.314
37,bcgs,sor,4,212.081
37,bcgs,sor,5,214.817
37,bcgs,ilu,1,276.205
37,bcgs,ilu,2,260.386
37,bcgs,ilu,3,254.055
37,bcgs,ilu,4,265.42
37,bcgs,ilu,5,271.057
37,bcgs,icc,1,187.179
37,bcgs,icc,2,184.683
37,bcgs,icc,3,183.754
37,bcgs,icc,4,187.625
37,bcgs,icc,5,188.154
37,bcgs,gamg,1,720.317
37,bcgs,gamg,2,728.133
37,bcgs,gamg,3,723.8
37,bcgs,gamg,4,725.814
37,bcgs,gamg,5,721.037
37,gmres,jacobi,1,816.974
37,gmres,jacobi,2,804.452
37,gmres,jacobi,3,810.764
37,gmres,jacobi,4,814.34
37,gmres,jacobi,5,813.033
37,gmres,sor,1,354.731
37,gmres,sor,2,349.487
37,gmres,sor,3,353.87
37,gmres,sor,4,348.339
37,gmres,sor,5,347.95
37,gmres,ilu,1,403.439
37,gmres,ilu,2,396.089
37,gmres,ilu,3,400.307
37,gmres,ilu,4,397.937
37,gmres,ilu,5,393.136
37,gmres,icc,1,301.222
37,gmres,icc,2,297.086
37,gmres,icc,3,306.868
37,gmres,icc,4,308.795
37,gmres,icc,5,304.507
37,gmres,gamg,1,820.718
37,gmres,gamg,2,820.763
37,gmres,gamg,3,841.181
37,gmres,gamg,4,844.411
37,gmres,gamg,5,837.578
38,cg,jacobi,1,215.897
38,cg,jacobi,2,237.752
38,cg,jacobi,3,268.793
38,cg,jacobi,4,276.286
38,cg,jacobi,5,279.657
38,cg,sor,1,145.446
38,cg,sor,2,146.215
38,cg,sor,3,151.221
38,cg,sor,4,157.166
38,cg,sor,5,158.034
38,cg,ilu,1,218.305
38,cg,ilu,2,213.878
38,cg,ilu,3,210.641
38,cg,ilu,4,234.984
38,cg,ilu,5,229.626
38,cg,icc,1,174.025
38,cg,icc,2,171.553
38,cg,icc,3,169.647
38,cg,icc,4,170.102
38,cg,icc,5,169.25
38,cg,gamg,1,774.214
38,cg,gamg,2,772.026
38,cg,gamg,3,779.52
38,cg,gamg,4,762.083
38,cg,gamg,5,776.401
38,bcgs,jacobi,1,309.077
38,bcgs,jacobi,2,307.98
38,bcgs,jacobi,3,306.749
38,bcgs,jacobi,4,312.146
38,bcgs,jacobi,5,308.98
38,bcgs,sor,1,234.138
38,bcgs,sor,2,230.335
38,bcgs,sor,3,233.837
38,bcgs,sor,4,236.145
38,bcgs,sor,5,236.123
38,bcgs,ilu,1,246.104
38,bcgs,ilu,2,238.222
38,bcgs,ilu,3,271.005
38,bcgs,ilu,4,245.087
38,bcgs,ilu,5,236.134
38,bcgs,icc,1,161.454
38,bcgs,icc,2,158.335
38,bcgs,icc,3,162.248
38,bcgs,icc,4,161.552
38,bcgs,icc,5,161.275
38,bcgs,gamg,1,808.094
38,bcgs,gamg,2,799.085
38,bcgs,gamg,3,809.949
38,bcgs,gamg,4,804.068
38,bcgs,gamg,5,800.096
38,gmres,jacobi,1,826.373
38,gmres,jacobi,2,824.846
38,gmres,jacobi,3,830.615
38,gmres,jacobi,4,822.306
38,gmres,jacobi,5,828.271
38,gmres,sor,1,349.329
38,gmres,sor,2,346.517
38,gmres,sor,3,357.885
38,gmres,sor,4,352.363
38,gmres,sor,5,344.867
38,gmres,ilu,1,403.64
38,gmres,ilu,2,396.825
38,gmres,ilu,3,401.466
38,gmres,ilu,4,399.749
38,gmres,ilu,5,387.681
38,gmres,icc,1,314.806
38,gmres,icc,2,311.166
38,gmres,icc,3,304.519
38,gmres,icc,4,308.623
38,gmres,icc,5,304.39
38,gmres,gamg,1,841.804
38,gmres,gamg,2,851.444
38,gmres,gamg,3,858.61
38,gmres,gamg,4,854.376
38,gmres,gamg,5,845.052
39,cg,jacobi,1,251.435
39,cg,jacobi,2,267.814
39,cg,jacobi,3,284.225
39,cg,jacobi,4,289.257
39,cg,jacobi,5,295.22
39,cg,sor,1,154.313
39,cg,sor,2,159.528
39,cg,sor,3,156.91
39,cg,sor,4,157.706
39,cg,sor,5,161.729
39,cg,ilu,1,225.859
39,cg,ilu,2,223.265
39,cg,ilu,3,200.288
39,cg,ilu,4,238.088
39,cg,ilu,5,244.093
39,cg,icc,1,173.354
39,cg,icc,2,174.833
39,cg,icc,3,168.371
39,cg,icc,4,170.133
39,cg,icc,5,170.522
39,cg,gamg,1,774.805
39,cg,gamg,2,785.08
39,cg,gamg,3,773.04
39,cg,gamg,4,766.569
39,cg,gamg,5,778.643
39,bcgs,jacobi,1,314.144
39,bcgs,jacobi,2,308.761
39,bcgs,jacobi,3,309.019
39,bcgs,jacobi,4,311.745
39,bcgs,jacobi,5,308.751
39,bcgs,sor,1,219.875
39,bcgs,sor,2,226.241
39,bcgs,sor,3,220.467
39,bcgs,sor,4,214.421
39,bcgs,sor,5,217.077
39,bcgs,ilu,1,265.364
39,bcgs,ilu,2,246.773
39,bcgs,ilu,3,249.91
39,bcgs,ilu,4,253.23
39,bcgs,ilu,5,249.956
39,bcgs,icc,1,177.162
39,bcgs,icc,2,177.634
39,bcgs,icc,3,175.104
39,bcgs,icc,4,176.383
39,bcgs,icc,5,176.979
39,bcgs,gamg,1,1109.54
39,bcgs,gamg,2,1117.96
39,bcgs,gamg,3,1109.35
39,bcgs,gamg,4,1102.84
39,bcgs,gamg,5,1101.08
39,gmres,jacobi,1,823.281
39,gmres,jacobi,2,828.196
39,gmres,jacobi,3,823.854
39,gmres,jacobi,4,827.163
39,gmres,jacobi,5,823.395
39,gmres,sor,1,348.598
39,gmres,sor,2,358.021
39,gmres,sor,3,348.927
39,gmres,sor,4,353.749
39,gmres,sor,5,353.94
39,gmres,ilu,1,391.935
39,gmres,ilu,2,414.872
39,gmres,ilu,3,396.111
39,gmres,ilu,4,397.992
39,gmres,ilu,5,393.051
39,gmres,icc,1,307.878
39,gmres,icc,2,315.162
39,gmres,icc,3,309.276
39,gmres,icc,4,305.301
39,gmres,icc,5,305.26
39,gmres,gamg,1,860.675
39,gmres,gamg,2,849.281
39,gmres,gamg,3,862.189
39,gmres,gamg,4,826.511
39,gmres,gamg,5,852.109
